Registration Number,Location Status,Licensee Name,Call Sign,Earth Station Latitude DMS,Earth Station Longitude DMS,Earth Station Latitude Decimal,Earth Station Longitude Decimal,Lower Frequency (MHz),Upper Frequency (MHz),Pointing Azimuth (degrees),Pointing Elevation Angle (degrees),Antenna Gain (dBi),Earth Station Site Elevation (meters),Earth Station Height AGL (meters),Earth Station Height AMSL (meters),GSO Satellite Longitude Decimal Degrees,Use for Tracking Telemetry and Command,Certification Date,Registration Last Updated,Call Sign Last Updated
FSS0001012,Inactive,Intelsat License LLC,KA00,"N34 24' 22""","W118 53' 34""",34.41,-118.89,"3,700.00","4,200.00",212,24,50.5,306,11.3,317.3,0,FALSE,7/2/2018,5/23/2019 8:22,5/23/2019 8:22
FSS0001020,Active,Intelsat License LLC,E990334,"N34 24' 21""","W118 53' 37""",34.41,-118.89,"3,700.00","4,200.00",187.2,49.8,50.5,306,11.3,317.3,-123,TRUE,12/1/2023,12/1/2023 21:10,12/1/2023 21:10
FSS0001024,Active,Intelsat License LLC,KA269,"N21 40' 18""","W158 02' 04""",21.67,-158.03,"3,625.00","3,700.00",240.3,45.1,50.1,144.8,9.8,154.6,169,TRUE,12/1/2023,12/1/2023 21:17,12/1/2023 21:17
FSS0001026,Active,Intelsat License LLC,E020314,"N33 47' 45""","W117 05' 14""",33.8,-117.09,"3,625.00","3,700.00",105.1,12.8,54.8,548.6,17.4,566,-53,TRUE,12/1/2023,12/1/2023 20:42,12/1/2023 20:42
FSS0001028,Active,Intelsat License LLC,KA270,"N21 40' 18""","W158 02' 05""",21.67,-158.03,"3,625.00","4,200.00",240.2,45.2,50.1,144.8,9.8,154.6,169,TRUE,12/1/2023,12/1/2023 21:19,12/1/2023 21:19
FSS0001030,Active,Intelsat License LLC,KA268,"N21 40' 17""","W158 02' 03""",21.67,-158.03,"3,625.00","4,200.00",227.5,54.5,50.1,144.8,9.8,154.6,180,TRUE,12/1/2023,12/1/2023 21:16,12/1/2023 21:16
FSS0001032,Active,Intelsat License LLC,KA262,"N39 35' 56""","W77 45' 22""",39.6,-77.76,"3,625.00","3,700.00",241.2,22.1,55,165.5,16.5,182,-127,FALSE,12/4/2023,12/4/2023 16:25,12/4/2023 16:25
FSS0001034,Active,Intelsat License LLC,KA262,"N39 35' 56""","W77 45' 22""",39.6,-77.76,"3,625.00","3,700.00",117.9,21.4,55,165.5,16.5,182,-135,FALSE,12/4/2023,12/4/2023 16:26,12/4/2023 16:26
FSS0001036,Active,Intelsat License LLC,KA262,"N39 35' 56""","W77 45' 22""",39.6,-77.76,"3,625.00","3,700.00",140.6,36,55,165.5,16.5,182,-50.1,FALSE,12/4/2023,12/4/2023 16:27,12/4/2023 16:27
FSS0001038,Active,Intelsat License LLC,E950307,"N38 14' 43""","W122 16' 51""",38.25,-122.28,"3,625.00","3,700.00",256.4,7.9,55,7.6,15.4,23,169,TRUE,12/1/2023,12/1/2023 21:07,12/1/2023 21:07
FSS0001040,Active,Intelsat License LLC,KA265,"N21 40' 15""","W158 02' 03""",21.67,-158.03,"3,625.00","4,200.00",243,42.4,50.1,144.8,9.8,154.6,166,TRUE,12/1/2023,12/1/2023 21:14,12/1/2023 21:14
FSS0001042,Active,Intelsat License LLC,E030082,"N39 35' 58""","W77 45' 17""",39.6,-77.75,"3,625.00","3,700.00",241.2,22.1,54.8,164,16.4,180.4,-127,TRUE,12/1/2023,12/1/2023 20:45,12/1/2023 20:45
FSS0001044,Active,Intelsat License LLC,E030103,"N39 35' 59""","W77 45' 18""",39.6,-77.76,"3,625.00","3,700.00",117.9,21.4,54.8,164,16.4,180.4,-27.5,TRUE,12/1/2023,12/1/2023 20:48,12/1/2023 20:48
FSS0001046,Active,Intelsat License LLC,E030101,"N39 36' 00""","W77 45' 17""",39.6,-77.75,"3,625.00","3,700.00",121.4,24.3,54.8,164,16.4,180.4,-31.5,TRUE,12/1/2023,12/1/2023 20:47,12/1/2023 20:47
FSS0001048,Active,Intelsat License LLC,E030071,"N39 35' 58""","W77 45' 17""",39.6,-77.75,"3,625.00","3,700.00",124.1,26.3,54.8,163,16.4,179.4,-34.5,TRUE,12/1/2023,12/1/2023 20:44,12/1/2023 20:44
FSS0001050,Active,Intelsat License LLC,KA261,"N39 35' 57""","W77 45' 21""",39.6,-77.76,"3,625.00","4,200.00",119.6,22.9,55,166,17.4,183.4,-29.5,TRUE,12/4/2023,12/4/2023 16:38,12/4/2023 16:38
FSS0001052,Active,Intelsat License LLC,E030100,"N39 35' 59""","W77 45' 17""",39.6,-77.75,"3,625.00","3,700.00",110.4,14.4,54.8,164,16.4,180.4,-18,TRUE,12/1/2023,12/1/2023 20:47,12/1/2023 20:47
FSS0001054,Active,Intelsat License LLC,KA266,"N21 40' 16""","W158 02' 03""",21.67,-158.03,"3,625.00","4,200.00",98.1,10.9,50.1,144.8,9.8,154.6,-89,TRUE,12/1/2023,12/1/2023 21:15,12/1/2023 21:15
FSS0001056,Active,Intelsat License LLC,KA267,"N21 40' 16""","W158 02' 03""",21.67,-158.03,"3,625.00","4,200.00",116.1,41.4,50.1,144.8,9.8,154.6,-121,TRUE,12/1/2023,12/1/2023 21:16,12/1/2023 21:16
FSS0001058,Active,Intelsat License LLC,E020169,"N33 47' 46""","W117 05' 15""",33.8,-117.09,"3,625.00","3,700.00",106.8,14.9,54.8,550,17.4,567.4,-55.5,TRUE,12/1/2023,12/1/2023 20:35,12/1/2023 20:35
FSS0001060,Active,Intelsat License LLC,E000355,"N39 35' 57""","W77 45' 21""",39.6,-77.76,"3,700.00","4,200.00",119.6,22.9,50.5,166,6.1,172.1,-29.5,TRUE,12/4/2023,12/4/2023 16:02,12/4/2023 16:02
FSS0001062,Active,Intelsat License LLC,E010113,"N34 24' 17""","W118 53' 39""",34.4,-118.89,"3,700.00","4,200.00",136.9,40.2,50.1,262,11.1,273.1,-91,TRUE,12/1/2023,12/1/2023 20:31,12/1/2023 20:31
FSS0001064,Active,Intelsat License LLC,E020309,"N39 16' 34""","W104 48' 26""",39.28,-104.81,"3,700.00","4,200.00",212.8,39,46,"2,085.00",8,"2,093.00",-127,TRUE,12/1/2023,12/1/2023 20:39,12/1/2023 20:39
FSS0001066,Active,Intelsat License LLC,E030012,"N39 16' 40""","W104 48' 27""",39.28,-104.81,"3,700.00","4,200.00",212.8,39,46,"2,085.00",8,"2,093.00",-127,TRUE,12/4/2023,12/4/2023 16:11,12/4/2023 16:11
FSS0001068,Active,Intelsat License LLC,E030012,"N39 16' 34""","W104 48' 25""",39.28,-104.81,"3,700.00","4,200.00",118.1,21.9,43.8,"2,085.00",6.6,"2,091.60",-55.5,TRUE,12/4/2023,12/4/2023 16:11,12/4/2023 16:11
FSS0001070,Active,Intelsat License LLC,E030175,"N33 39' 51""","W84 16' 25""",33.66,-84.27,"3,700.00","4,200.00",237.2,31.7,50.2,244,11.3,255.3,-125,TRUE,12/1/2023,12/1/2023 20:49,12/1/2023 20:49
FSS0001072,Active,Intelsat License LLC,E030307,"N33 39' 50""","W84 16' 24""",33.66,-84.27,"3,625.00","4,200.00",192,50.2,52.2,240.8,13,253.8,-91,TRUE,12/1/2023,12/1/2023 20:51,12/1/2023 20:51
FSS0001074,Active,Intelsat License LLC,E040174,"N39 16' 34""","W104 48' 28""",39.28,-104.81,"3,700.00","3,705.00",210.2,39.9,50.2,"2,088.00",11,"2,099.00",-125,TRUE,12/1/2023,12/1/2023 20:54,12/1/2023 20:54
FSS0001077,Active,Intelsat License LLC,E050311,"N39 16' 36""","W104 48' 30""",39.28,-104.81,"3,700.00","4,200.00",212.8,39,43.8,"2,088.00",6.6,"2,094.60",-127,TRUE,12/1/2023,12/1/2023 20:55,12/1/2023 20:55
FSS0001079,Active,Intelsat License LLC,E060388,"N33 47' 48""","W117 05' 20""",33.8,-117.09,"3,700.00","4,200.00",254.1,13.8,55.1,560,17.5,577.5,180,TRUE,12/1/2023,12/1/2023 20:56,12/1/2023 20:56
FSS0001081,Active,Intelsat License LLC,E150002,"N39 35' 53""","W77 45' 20""",39.6,-77.76,"3,700.00","4,200.00",140.5,36,55.1,170,16.4,186.4,-50,TRUE,12/1/2023,12/1/2023 20:57,12/1/2023 20:57
FSS0001083,Active,Intelsat License LLC,E2178,"N34 24' 20""","W118 53' 37""",34.41,-118.89,"3,700.00","4,200.00",147.4,44.7,53.1,313.9,14.8,328.7,-99,TRUE,12/1/2023,12/1/2023 20:57,12/1/2023 20:57
FSS0001085,Active,Intelsat License LLC,E2178,"N34 24' 20""","W118 53' 38""",34.41,-118.89,"3,700.00","4,200.00",183.7,50,53.1,313.9,14.8,328.7,-121,TRUE,12/1/2023,12/1/2023 20:57,12/1/2023 20:57
FSS0001087,Active,Intelsat License LLC,E940333,"N33 39' 50""","W84 16' 20""",33.66,-84.27,"3,700.00","4,200.00",124.1,32.8,53.5,237.7,14.9,252.6,-45,TRUE,12/1/2023,12/1/2023 21:06,12/1/2023 21:06
FSS0001089,Active,Intelsat License LLC,E950508,"N33 39' 50""","W84 16' 22""",33.66,-84.27,"3,700.00","4,200.00",202.1,48.5,46.5,236,8.1,244.1,-97,TRUE,12/4/2023,12/4/2023 16:37,12/4/2023 16:37
FSS0001091,Active,Intelsat License LLC,E970392,"N33 39' 51""","W84 16' 24""",33.66,-84.27,"3,700.00","4,200.00",244,25.4,49.6,244,11,255,-133,TRUE,12/1/2023,12/1/2023 21:09,12/1/2023 21:09
FSS0001093,Active,Intelsat License LLC,E990091,"N33 39' 52""","W84 16' 23""",33.66,-84.27,"3,700.00","4,200.00",239,30.2,49.6,246,11,257,-127,TRUE,12/1/2023,12/1/2023 21:10,12/1/2023 21:10
FSS0001096,Active,Intelsat License LLC,E100118,"N39 35' 58""","W77 45' 17""",39.6,-77.75,"3,625.00","4,200.00",110.4,14.4,54.8,166.1,18,184.1,-18,TRUE,12/4/2023,12/4/2023 16:19,12/4/2023 16:19
FSS0001099,Active,Intelsat License LLC,E100118,"N39 35' 58""","W77 45' 17""",39.6,-77.75,"3,625.00","4,200.00",115.5,19.2,54.8,166.1,18,184.1,-24.5,TRUE,12/4/2023,12/4/2023 16:19,12/4/2023 16:19
FSS0001101,Active,Intelsat License LLC,E100118,"N39 35' 58""","W77 45' 17""",39.6,-77.75,"3,625.00","4,200.00",117.9,21.4,54.8,166.1,18,184.1,-27.5,TRUE,12/4/2023,12/4/2023 16:19,12/4/2023 16:19
FSS0001103,Active,Intelsat License LLC,E100118,"N39 35' 58""","W77 45' 17""",39.6,-77.75,"3,625.00","4,200.00",119.6,22.9,54.8,166.1,18,184.1,-29.5,TRUE,12/4/2023,12/4/2023 16:19,12/4/2023 16:19
FSS0001106,Active,Intelsat License LLC,E100118,"N39 35' 58""","W77 45' 17""",39.6,-77.75,"3,625.00","4,200.00",121.4,24.3,54.8,166.1,18,184.1,-31.5,TRUE,12/4/2023,12/4/2023 16:19,12/4/2023 16:19
FSS0001108,Active,Intelsat License LLC,E100118,"N39 35' 58""","W77 45' 17""",39.6,-77.75,"3,625.00","4,200.00",124.1,26.4,54.8,166.1,18,184.1,-34.5,TRUE,12/4/2023,12/4/2023 16:19,12/4/2023 16:19
FSS0001110,Active,Intelsat License LLC,E100118,"N39 35' 58""","W77 45' 17""",39.6,-77.75,"3,625.00","4,200.00",132.6,31.9,54.8,166.1,18,184.1,-42.98,TRUE,12/4/2023,12/4/2023 16:19,12/4/2023 16:19
FSS0001112,Active,Intelsat License LLC,E100118,"N39 35' 58""","W77 45' 17""",39.6,-77.75,"3,625.00","4,200.00",134.7,33.1,54.8,166.1,18,184.1,-45,TRUE,12/4/2023,12/4/2023 16:19,12/4/2023 16:19
FSS0001114,Active,Intelsat License LLC,E100118,"N39 35' 58""","W77 45' 17""",39.6,-77.75,"3,625.00","4,200.00",140.6,36,54.8,166.1,18,184.1,-50.1,TRUE,12/4/2023,12/4/2023 16:23,12/4/2023 16:23
FSS0001116,Active,Intelsat License LLC,E100118,"N39 35' 58""","W77 45' 17""",39.6,-77.75,"3,625.00","4,200.00",144.1,37.5,54.8,166.1,18,184.1,-53,TRUE,12/4/2023,12/4/2023 16:19,12/4/2023 16:19
FSS0001118,Active,Intelsat License LLC,E100118,"N39 35' 58""","W77 45' 17""",39.6,-77.75,"3,625.00","4,200.00",147.3,38.7,54.8,166.1,18,184.1,-55.5,TRUE,12/4/2023,12/4/2023 16:19,12/4/2023 16:19
FSS0001120,Active,Intelsat License LLC,E100118,"N39 35' 58""","W77 45' 17""",39.6,-77.75,"3,625.00","4,200.00",150.6,39.8,54.8,166.1,18,184.1,-58,TRUE,12/4/2023,12/4/2023 16:19,12/4/2023 16:19
FSS0001122,Active,Intelsat License LLC,E100118,"N39 35' 58""","W77 45' 17""",39.6,-77.75,"3,625.00","4,200.00",197.3,42.7,54.8,166.1,18,184.1,-89,TRUE,12/4/2023,12/4/2023 16:19,12/4/2023 16:19
FSS0001124,Active,Intelsat License LLC,E100118,"N39 35' 58""","W77 45' 17""",39.6,-77.75,"3,625.00","4,200.00",200.3,42.2,54.8,166.1,18,184.1,-91,TRUE,12/4/2023,12/4/2023 16:19,12/4/2023 16:19
FSS0001126,Active,Intelsat License LLC,E100118,"N39 35' 58""","W77 45' 17""",39.6,-77.75,"3,625.00","4,200.00",203.3,41.5,54.8,166.1,18,184.1,-93.1,TRUE,12/4/2023,12/4/2023 16:19,12/4/2023 16:19
FSS0001128,Active,Intelsat License LLC,E100118,"N39 35' 58""","W77 45' 17""",39.6,-77.75,"3,625.00","4,200.00",208.7,40,54.8,166.1,18,184.1,-97,TRUE,12/4/2023,12/4/2023 16:19,12/4/2023 16:19
FSS0001130,Active,Intelsat License LLC,E100118,"N39 35' 58""","W77 45' 17""",39.6,-77.75,"3,625.00","4,200.00",211.4,39.2,54.8,166.1,18,184.1,-99,TRUE,12/4/2023,12/4/2023 16:19,12/4/2023 16:19
FSS0001132,Active,Intelsat License LLC,E100118,"N39 35' 58""","W77 45' 17""",39.6,-77.75,"3,625.00","4,200.00",228.8,44.7,54.8,166.1,18,184.1,66.13,TRUE,12/4/2023,12/4/2023 16:22,12/4/2023 16:22
FSS0001134,Active,Intelsat License LLC,E100118,"N39 35' 58""","W77 45' 17""",39.6,-77.75,"3,625.00","4,200.00",235.9,26.4,54.8,166.1,18,184.1,-121,TRUE,12/4/2023,12/4/2023 16:19,12/4/2023 16:19
FSS0001136,Active,Intelsat License LLC,E100118,"N39 35' 58""","W77 45' 17""",39.6,-77.75,"3,625.00","4,200.00",237.7,25,54.8,166.1,18,184.1,-123,TRUE,12/4/2023,12/4/2023 16:19,12/4/2023 16:19
FSS0001138,Active,Intelsat License LLC,E100118,"N39 35' 58""","W77 45' 17""",39.6,-77.75,"3,625.00","4,200.00",256.4,23.7,54.8,166.1,18,184.1,-125,TRUE,12/4/2023,12/4/2023 16:24,12/4/2023 16:24
FSS0001141,Active,Intelsat License LLC,E100118,"N39 35' 58""","W77 45' 17""",39.6,-77.75,"3,625.00","4,200.00",241.2,22.1,54.8,166.1,18,184.1,-127,TRUE,12/4/2023,12/4/2023 16:19,12/4/2023 16:19
FSS0001143,Active,Intelsat License LLC,E100118,"N39 35' 58""","W77 45' 17""",39.6,-77.75,"3,625.00","4,200.00",242.9,20.7,54.8,166.1,18,184.1,-129,TRUE,12/4/2023,12/4/2023 16:19,12/4/2023 16:19
FSS0001145,Active,Intelsat License LLC,E100118,"N39 35' 58""","W77 45' 17""",39.6,-77.75,"3,625.00","4,200.00",246.1,17.8,54.8,166.1,18,184.1,-133,TRUE,12/4/2023,12/4/2023 16:19,12/4/2023 16:19
FSS0001147,Active,Intelsat License LLC,KA275,"N39 35' 55""","W77 45' 35""",41.25,-75.06,"3,625.00","3,700.00",110.4,14.4,55.6,171.3,30,201.3,-18,TRUE,12/4/2023,12/4/2023 16:28,12/4/2023 16:28
FSS0001149,Active,Intelsat License LLC,KA275,"N39 35' 55""","W77 45' 35""",41.25,-75.06,"3,625.00","3,700.00",115.5,19.2,55.6,171.3,30,201.3,-24.5,TRUE,12/4/2023,12/4/2023 16:28,12/4/2023 16:28
FSS0001151,Active,Intelsat License LLC,KA275,"N39 35' 55""","W77 45' 35""",41.25,-75.06,"3,625.00","3,700.00",117.9,21.4,55.6,171.3,30,201.3,-27.5,TRUE,12/4/2023,12/4/2023 16:28,12/4/2023 16:28
FSS0001153,Active,Intelsat License LLC,KA275,"N39 35' 55""","W77 45' 35""",41.25,-75.06,"3,625.00","3,700.00",121.4,24.3,55.6,171.3,30,201.3,-31.5,TRUE,12/4/2023,12/4/2023 16:28,12/4/2023 16:28
FSS0001155,Active,Intelsat License LLC,KA275,"N39 35' 55""","W77 45' 35""",41.25,-75.06,"3,625.00","3,700.00",119.6,22.9,55.6,171.3,30,201.3,-29.5,TRUE,12/4/2023,12/4/2023 16:28,12/4/2023 16:28
FSS0001157,Active,Intelsat License LLC,KA275,"N39 35' 55""","W77 45' 35""",41.25,-75.06,"3,625.00","3,700.00",124.1,26.4,55.6,171.3,30,201.3,-34.5,TRUE,12/4/2023,12/4/2023 16:28,12/4/2023 16:28
FSS0001159,Active,Intelsat License LLC,KA275,"N39 35' 55""","W77 45' 35""",41.25,-75.06,"3,625.00","3,700.00",132.6,31.9,55.6,171.3,30,201.3,-42.98,TRUE,12/4/2023,12/4/2023 16:28,12/4/2023 16:28
FSS0001161,Active,Intelsat License LLC,KA275,"N39 35' 55""","W77 45' 35""",41.25,-75.06,"3,625.00","3,700.00",134.7,33.1,55.6,171.3,30,201.3,-45,TRUE,12/4/2023,12/4/2023 16:28,12/4/2023 16:28
FSS0001163,Active,Intelsat License LLC,KA275,"N39 35' 55""","W77 45' 35""",41.25,-75.06,"3,625.00","3,700.00",140.6,36,55.6,171.3,30,201.3,-50.1,TRUE,12/4/2023,12/4/2023 16:29,12/4/2023 16:29
FSS0001165,Active,Intelsat License LLC,KA275,"N39 35' 55""","W77 45' 35""",41.25,-75.06,"3,625.00","3,700.00",144.1,37.5,55.6,171.3,30,201.3,-53,TRUE,12/4/2023,12/4/2023 16:28,12/4/2023 16:28
FSS0001167,Active,Intelsat License LLC,KA275,"N39 35' 55""","W77 45' 35""",41.25,-75.06,"3,625.00","3,700.00",147.3,38.7,55.6,171.3,30,201.3,-55.5,TRUE,12/4/2023,12/4/2023 16:28,12/4/2023 16:28
FSS0001169,Active,Intelsat License LLC,KA275,"N39 35' 55""","W77 45' 35""",41.25,-75.06,"3,625.00","3,700.00",150.6,39.8,55.6,171.3,30,201.3,-58,TRUE,12/4/2023,12/4/2023 16:28,12/4/2023 16:28
FSS0001171,Active,Intelsat License LLC,KA275,"N39 35' 55""","W77 45' 35""",41.25,-75.06,"3,625.00","3,700.00",197.3,42.7,55.6,171.3,30,201.3,-89,TRUE,12/4/2023,12/4/2023 16:28,12/4/2023 16:28
FSS0001173,Active,Intelsat License LLC,KA275,"N39 35' 55""","W77 45' 35""",41.25,-75.06,"3,625.00","3,700.00",200.2,42.2,55.6,171.3,30,201.3,-91,TRUE,12/4/2023,12/4/2023 16:28,12/4/2023 16:28
FSS0001175,Active,Intelsat License LLC,KA275,"N39 35' 55""","W77 45' 35""",41.25,-75.06,"3,625.00","3,700.00",203.3,41.5,55.6,171.3,30,201.3,-93.1,TRUE,12/4/2023,12/4/2023 16:28,12/4/2023 16:28
FSS0001177,Active,Intelsat License LLC,KA275,"N39 35' 55""","W77 45' 35""",41.25,-75.06,"3,625.00","3,700.00",208.7,40,55.6,171.3,30,201.3,-97,TRUE,12/4/2023,12/4/2023 16:28,12/4/2023 16:28
FSS0001179,Active,Intelsat License LLC,KA275,"N39 35' 55""","W77 45' 35""",41.25,-75.06,"3,625.00","3,700.00",211.4,39.2,55.6,171.3,30,201.3,-99,TRUE,12/4/2023,12/4/2023 16:28,12/4/2023 16:28
FSS0001181,Active,Intelsat License LLC,KA275,"N39 35' 55""","W77 45' 35""",41.25,-75.06,"3,625.00","3,700.00",235.9,26.4,55.6,171.3,30,201.3,-121,TRUE,12/4/2023,12/4/2023 16:28,12/4/2023 16:28
FSS0001183,Active,Intelsat License LLC,KA275,"N39 35' 55""","W77 45' 35""",41.25,-75.06,"3,625.00","3,700.00",237.7,25,55.6,171.3,30,201.3,-123,TRUE,12/4/2023,12/4/2023 16:28,12/4/2023 16:28
FSS0001185,Active,Intelsat License LLC,KA275,"N39 35' 55""","W77 45' 35""",41.25,-75.06,"3,625.00","3,700.00",256.4,23.7,55.6,171.3,30,201.3,32.9,TRUE,12/4/2023,12/4/2023 16:30,12/4/2023 16:30
FSS0001187,Active,Intelsat License LLC,KA275,"N39 35' 55""","W77 45' 35""",41.25,-75.06,"3,625.00","3,700.00",241.2,22.1,55.6,171.3,30,201.3,-127,TRUE,12/4/2023,12/4/2023 16:28,12/4/2023 16:28
FSS0001189,Active,Intelsat License LLC,KA275,"N39 35' 55""","W77 45' 35""",41.25,-75.06,"3,625.00","3,700.00",242.9,20.7,55.6,171.3,30,201.3,-129,TRUE,12/4/2023,12/4/2023 16:28,12/4/2023 16:28
FSS0001191,Active,Intelsat License LLC,KA275,"N39 35' 55""","W77 45' 35""",41.25,-75.06,"3,625.00","3,700.00",246.1,17.8,55.6,171.3,30,201.3,-133,TRUE,12/4/2023,12/4/2023 16:28,12/4/2023 16:28
FSS0001193,Active,Intelsat License LLC,E000296,"N39 35' 54""","W77 45' 35""",39.6,-77.76,"3,625.00","4,200.00",110.4,14.4,50.1,173.7,10.3,184,-18,TRUE,12/3/2023,12/3/2023 16:54,12/3/2023 16:54
FSS0001195,Active,Intelsat License LLC,E000296,"N39 35' 54""","W77 45' 35""",39.6,-77.76,"3,625.00","4,200.00",115.5,19.2,50.1,173.7,10.3,184,-24.5,TRUE,12/3/2023,12/3/2023 16:54,12/3/2023 16:54
FSS0001197,Active,Intelsat License LLC,E000296,"N39 35' 54""","W77 45' 35""",39.6,-77.76,"3,625.00","4,200.00",117.9,21.4,50.1,173.7,10.3,184,-27.5,TRUE,12/3/2023,12/3/2023 16:54,12/3/2023 16:54
FSS0001199,Active,Intelsat License LLC,E000296,"N39 35' 54""","W77 45' 35""",39.6,-77.76,"3,625.00","4,200.00",119.6,22.9,50.1,173.7,10.3,184,-29.5,TRUE,12/3/2023,12/3/2023 16:54,12/3/2023 16:54
FSS0001201,Active,Intelsat License LLC,E000296,"N39 35' 54""","W77 45' 35""",39.6,-77.76,"3,625.00","4,200.00",121.4,24.3,55.6,173.7,10.3,184,-31.5,TRUE,12/3/2023,12/3/2023 16:54,12/3/2023 16:54
FSS0001203,Active,Intelsat License LLC,E000296,"N39 35' 54""","W77 45' 35""",39.6,-77.76,"3,625.00","4,200.00",124.1,26.4,55.6,173.7,10.3,184,-34.5,TRUE,12/3/2023,12/3/2023 16:54,12/3/2023 16:54
FSS0001205,Active,Intelsat License LLC,E000296,"N39 35' 54""","W77 45' 35""",39.6,-77.76,"3,625.00","4,200.00",206,40.8,55.6,173.7,10.3,184,-95.05,TRUE,12/3/2023,12/3/2023 16:57,12/3/2023 16:57
FSS0001207,Active,Intelsat License LLC,E000296,"N39 35' 54""","W77 45' 35""",39.6,-77.76,"3,625.00","4,200.00",134.7,33.1,50.1,173.7,10.3,184,-45,TRUE,12/3/2023,12/3/2023 16:54,12/3/2023 16:54
FSS0001209,Active,Intelsat License LLC,E000296,"N39 35' 54""","W77 45' 35""",39.6,-77.76,"3,625.00","4,200.00",140.6,36,50.1,173.7,10.3,184,-50.1,TRUE,12/3/2023,12/3/2023 16:56,12/3/2023 16:56
FSS0001211,Active,Intelsat License LLC,E000296,"N39 35' 55""","W77 45' 35""",39.6,-77.76,"3,625.00","4,200.00",144.1,37.5,50.1,173.7,10.3,184,-53,TRUE,12/3/2023,12/3/2023 16:54,12/3/2023 16:54
FSS0001213,Active,Intelsat License LLC,E000296,"N39 35' 54""","W77 45' 35""",39.6,-77.76,"3,625.00","4,200.00",147.3,38.7,50.1,173.7,10.3,184,-55.5,TRUE,12/3/2023,12/3/2023 16:54,12/3/2023 16:54
FSS0001215,Active,Intelsat License LLC,E000296,"N39 35' 54""","W77 45' 35""",39.6,-77.76,"3,625.00","4,200.00",150.6,39.8,50.1,173.7,10.3,184,-58,TRUE,12/3/2023,12/3/2023 16:54,12/3/2023 16:54
FSS0001217,Active,Intelsat License LLC,E000296,"N39 35' 54""","W77 45' 35""",39.6,-77.76,"3,625.00","4,200.00",197.3,42.7,50.1,173.7,10.3,184,-89,TRUE,12/3/2023,12/3/2023 16:54,12/3/2023 16:54
FSS0001220,Active,Intelsat License LLC,E000296,"N39 35' 55""","W77 45' 35""",39.6,-77.76,"3,625.00","4,200.00",200.3,42.2,50.1,173.7,10.3,184,-91,TRUE,12/3/2023,12/3/2023 16:54,12/3/2023 16:54
FSS0001222,Active,Intelsat License LLC,E000296,"N39 35' 54""","W77 45' 35""",39.6,-77.76,"3,625.00","4,200.00",203.3,41.5,50.1,173.7,10.3,184,-93.1,TRUE,12/3/2023,12/3/2023 16:54,12/3/2023 16:54
FSS0001224,Active,Intelsat License LLC,E000296,"N39 35' 54""","W77 45' 35""",39.6,-77.76,"3,625.00","4,200.00",208.7,40,50.1,173.7,10.3,184,-97,TRUE,12/3/2023,12/3/2023 16:54,12/3/2023 16:54
FSS0001226,Active,Intelsat License LLC,E000296,"N39 35' 54""","W77 45' 35""",39.6,-77.76,"3,625.00","4,200.00",211.4,39.2,50.1,173.7,10.3,184,-99,TRUE,12/3/2023,12/3/2023 16:54,12/3/2023 16:54
FSS0001228,Active,Intelsat License LLC,E000296,"N39 35' 55""","W77 45' 35""",39.6,-77.76,"3,625.00","4,200.00",235.9,26.4,50.1,173.7,10.3,184,-121,TRUE,12/3/2023,12/3/2023 16:54,12/3/2023 16:54
FSS0001230,Active,Intelsat License LLC,E000296,"N39 35' 54""","W77 45' 35""",39.6,-77.76,"3,625.00","4,200.00",237.7,25,50.1,173.7,10.3,184,-123,TRUE,12/3/2023,12/3/2023 16:54,12/3/2023 16:54
FSS0001232,Active,Intelsat License LLC,E000296,"N39 35' 54""","W77 45' 35""",39.6,-77.76,"3,625.00","4,200.00",256.4,23.7,50.1,173.7,10.3,184,32.9,TRUE,12/3/2023,12/3/2023 16:58,12/3/2023 16:58
FSS0001234,Active,Intelsat License LLC,E000296,"N39 35' 54""","W77 45' 35""",39.6,-77.76,"3,625.00","4,200.00",241.2,22.1,50.1,173.7,10.3,184,-127,TRUE,12/3/2023,12/3/2023 16:54,12/3/2023 16:54
FSS0001236,Active,Intelsat License LLC,E000296,"N39 35' 54""","W77 45' 35""",39.6,-77.76,"3,625.00","4,200.00",242.9,20.7,50.1,173.7,10.3,184,-129,TRUE,12/3/2023,12/3/2023 16:54,12/3/2023 16:54
FSS0001238,Active,Intelsat License LLC,E000296,"N39 35' 54""","W77 45' 35""",39.6,-77.76,"3,625.00","4,200.00",246.1,17.8,50.1,173.7,10.3,184,-133,TRUE,12/3/2023,12/3/2023 16:54,12/3/2023 16:54
FSS0001240,Active,Intelsat License LLC,E990551,"N33 47' 46""","W117 05' 19""",33.8,-117.09,"3,625.00","3,700.00",194,49.8,50.7,557.8,9.4,567.2,-125,FALSE,12/1/2023,12/1/2023 21:11,12/1/2023 21:11
FSS0001242,Active,Intelsat License LLC,E020315,"N33 47' 45""","W117 05' 14""",33.8,-117.09,"3,625.00","3,700.00",100.2,6.2,54.8,553,17.4,570.4,-45,TRUE,12/4/2023,12/4/2023 16:05,12/4/2023 16:05
FSS0001244,Active,Intelsat License LLC,E020315,"N33 47' 45""","W117 05' 14""",33.8,-117.09,"3,625.00","3,700.00",103.3,10.4,54.8,553,17.4,570.4,-50.1,TRUE,12/4/2023,12/4/2023 16:06,12/4/2023 16:06
FSS0001246,Active,Intelsat License LLC,E020315,"N33 47' 45""","W117 05' 14""",33.8,-117.09,"3,625.00","3,700.00",105.1,12.8,54.8,553,17.4,570.4,-53,TRUE,12/4/2023,12/4/2023 16:05,12/4/2023 16:05
FSS0001248,Active,Intelsat License LLC,E020315,"N33 47' 45""","W117 05' 14""",33.8,-117.09,"3,625.00","3,700.00",106,14.9,54.8,553,17.4,570.4,-55.5,TRUE,12/4/2023,12/4/2023 16:05,12/4/2023 16:05
FSS0001250,Active,Intelsat License LLC,E020315,"N33 47' 45""","W117 05' 14""",33.8,-117.09,"3,625.00","3,700.00",108.4,17,54.8,553,17.4,570.4,-58,TRUE,12/4/2023,12/4/2023 16:05,12/4/2023 16:05
FSS0001252,Active,Intelsat License LLC,E020315,"N33 47' 45""","W117 05' 14""",33.8,-117.09,"3,625.00","3,700.00",136.2,40.6,54.8,553,17.4,570.4,-89,TRUE,12/4/2023,12/4/2023 16:05,12/4/2023 16:05
FSS0001254,Active,Intelsat License LLC,E020315,"N33 47' 45""","W117 05' 14""",33.8,-117.09,"3,625.00","3,700.00",138.6,41.8,54.8,553,17.4,570.4,-91,TRUE,12/4/2023,12/4/2023 16:05,12/4/2023 16:05
FSS0001256,Active,Intelsat License LLC,E020315,"N33 47' 45""","W117 05' 14""",33.8,-117.09,"3,625.00","3,700.00",141.3,43.1,54.8,553,17.4,570.4,-93.1,TRUE,12/4/2023,12/4/2023 16:05,12/4/2023 16:05
FSS0001258,Active,Intelsat License LLC,E020315,"N33 47' 45""","W117 05' 14""",33.8,-117.09,"3,625.00","3,700.00",146.7,45.2,54.8,553,17.4,570.4,-97,TRUE,12/4/2023,12/4/2023 16:05,12/4/2023 16:05
FSS0001260,Active,Intelsat License LLC,E020315,"N33 47' 45""","W117 05' 14""",33.8,-117.09,"3,625.00","3,700.00",149.6,46.2,54.8,553,17.4,570.4,-99,TRUE,12/4/2023,12/4/2023 16:05,12/4/2023 16:05
FSS0001262,Active,Intelsat License LLC,E020315,"N33 47' 45""","W117 05' 14""",33.8,-117.09,"3,625.00","3,700.00",187,50.5,54.8,553,17.4,570.4,-121,TRUE,12/4/2023,12/4/2023 16:05,12/4/2023 16:05
FSS0001264,Active,Intelsat License LLC,E020315,"N33 47' 45""","W117 05' 14""",33.8,-117.09,"3,625.00","3,700.00",190.5,50.2,54.8,553,17.4,570.4,-123,TRUE,12/4/2023,12/4/2023 16:05,12/4/2023 16:05
FSS0001266,Active,Intelsat License LLC,E020315,"N33 47' 45""","W117 05' 14""",33.8,-117.09,"3,625.00","3,700.00",226,51.4,54.8,553,17.4,570.4,32.9,TRUE,12/4/2023,12/4/2023 16:07,12/4/2023 16:07
FSS0001268,Active,Intelsat License LLC,E020315,"N33 47' 45""","W117 05' 14""",33.8,-117.09,"3,625.00","3,700.00",197.4,49.3,54.8,553,17.4,570.4,-127,TRUE,12/4/2023,12/4/2023 16:05,12/4/2023 16:05
FSS0001270,Active,Intelsat License LLC,E020315,"N33 47' 45""","W117 05' 14""",33.8,-117.09,"3,625.00","3,700.00",200.8,48.7,54.8,553,17.4,570.4,-129,TRUE,12/4/2023,12/4/2023 16:05,12/4/2023 16:05
FSS0001272,Active,Intelsat License LLC,E020315,"N33 47' 45""","W117 05' 14""",33.8,-117.09,"3,625.00","3,700.00",207.1,47.1,54.8,553,17.4,570.4,-133,TRUE,12/4/2023,12/4/2023 16:05,12/4/2023 16:05
FSS0001274,Active,Intelsat License LLC,E020315,"N33 47' 45""","W117 05' 14""",33.8,-117.09,"3,625.00","3,700.00",254.1,13.8,54.8,553,17.4,570.4,-180,TRUE,12/4/2023,12/4/2023 16:07,12/4/2023 16:07
FSS0001276,Active,Intelsat License LLC,E040125,"N33 47' 44""","W117 05' 21""",33.8,-117.09,"3,700.00","4,200.00",100.2,6.2,51.8,566.6,12,578.6,-45,TRUE,12/4/2023,12/4/2023 16:15,12/4/2023 16:15
FSS0001278,Active,Intelsat License LLC,E040125,"N33 47' 44""","W117 05' 21""",33.8,-117.09,"3,700.00","4,200.00",103.3,10.4,51.8,566.6,12,578.6,-50.1,TRUE,12/4/2023,12/4/2023 16:17,12/4/2023 16:17
FSS0001280,Active,Intelsat License LLC,E040125,"N33 47' 44""","W117 05' 21""",33.8,-117.09,"3,700.00","4,200.00",105.1,12.8,51.8,566.6,12,578.6,-53,TRUE,12/4/2023,12/4/2023 16:15,12/4/2023 16:15
FSS0001282,Active,Intelsat License LLC,E040125,"N33 47' 44""","W117 05' 21""",33.8,-117.09,"3,700.00","4,200.00",106.7,14.9,51.8,566.6,12,578.6,-55.5,TRUE,12/4/2023,12/4/2023 16:15,12/4/2023 16:15
FSS0001284,Active,Intelsat License LLC,E040125,"N33 47' 44""","W117 05' 21""",33.8,-117.09,"3,700.00","4,200.00",108.4,17,51.8,566.6,12,578.6,-58,TRUE,12/4/2023,12/4/2023 16:15,12/4/2023 16:15
FSS0001286,Active,Intelsat License LLC,E040125,"N33 47' 44""","W117 05' 21""",33.8,-117.09,"3,700.00","4,200.00",136.2,40.6,51.8,566.6,12,578.6,-89,TRUE,12/4/2023,12/4/2023 16:15,12/4/2023 16:15
FSS0001288,Active,Intelsat License LLC,E040125,"N33 47' 44""","W117 05' 21""",33.8,-117.09,"3,700.00","4,200.00",138.6,41.8,51.8,566.6,12,578.6,-91,TRUE,12/4/2023,12/4/2023 16:15,12/4/2023 16:15
FSS0001290,Active,Intelsat License LLC,E040125,"N33 47' 44""","W117 05' 21""",33.8,-117.09,"3,700.00","4,200.00",141.3,43.1,51.8,566.6,12,578.6,-93.1,TRUE,12/4/2023,12/4/2023 16:15,12/4/2023 16:15
FSS0001292,Active,Intelsat License LLC,E040125,"N33 47' 44""","W117 05' 21""",33.8,-117.09,"3,700.00","4,200.00",146.7,45.2,51.8,566.6,12,578.6,-97,TRUE,12/4/2023,12/4/2023 16:15,12/4/2023 16:15
FSS0001294,Active,Intelsat License LLC,E040125,"N33 47' 44""","W117 05' 21""",33.8,-117.09,"3,700.00","4,200.00",149.6,46.2,51.8,566.6,12,578.6,-99,TRUE,12/4/2023,12/4/2023 16:15,12/4/2023 16:15
FSS0001296,Active,Intelsat License LLC,E040125,"N33 47' 44""","W117 05' 21""",33.8,-117.09,"3,700.00","4,200.00",187,50,51.8,566.6,12,578.6,-121,TRUE,12/4/2023,12/4/2023 16:15,12/4/2023 16:15
FSS0001298,Active,Intelsat License LLC,E040125,"N33 47' 44""","W117 05' 21""",33.8,-117.09,"3,700.00","4,200.00",190.5,50.2,51.8,566.6,12,578.6,-123,TRUE,12/4/2023,12/4/2023 16:15,12/4/2023 16:15
FSS0001300,Active,Intelsat License LLC,E040125,"N33 47' 44""","W117 05' 21""",33.8,-117.09,"3,700.00","4,200.00",226,51.4,51.8,566.6,12,578.6,32.9,TRUE,12/4/2023,12/4/2023 16:16,12/4/2023 16:16
FSS0001302,Active,Intelsat License LLC,E040125,"N33 47' 44""","W117 05' 21""",33.8,-117.09,"3,700.00","4,200.00",197.4,49.3,51.8,566.6,12,578.6,-127,TRUE,12/4/2023,12/4/2023 16:15,12/4/2023 16:15
FSS0001304,Active,Intelsat License LLC,E040125,"N33 47' 44""","W117 05' 21""",33.8,-117.09,"3,700.00","4,200.00",200.8,48.7,51.8,566.6,12,578.6,-129,TRUE,12/4/2023,12/4/2023 16:15,12/4/2023 16:15
FSS0001306,Active,Intelsat License LLC,E040125,"N33 47' 44""","W117 05' 21""",33.8,-117.09,"3,700.00","4,200.00",207.1,47.1,51.8,566.6,12,578.6,-133,TRUE,12/4/2023,12/4/2023 16:15,12/4/2023 16:15
FSS0001308,Active,Intelsat License LLC,E040125,"N33 47' 44""","W117 05' 21""",33.8,-117.09,"3,700.00","4,200.00",254.1,13.8,51.8,566.6,12,578.6,-180,TRUE,12/4/2023,12/4/2023 16:15,12/4/2023 16:15
FSS0001310,Active,Intelsat License LLC,E030306,"N33 39' 50""","W84 16' 22""",33.66,-84.27,"3,700.00","4,200.00",103.7,11,50.2,239.3,11,250.3,-18,TRUE,12/1/2023,12/1/2023 18:22,12/1/2023 18:22
FSS0001312,Active,Intelsat License LLC,E030306,"N33 39' 50""","W84 16' 22""",33.66,-84.27,"3,700.00","4,200.00",107.9,16.4,50.2,239.3,11,250.3,-24.5,TRUE,12/1/2023,12/1/2023 18:22,12/1/2023 18:22
FSS0001314,Active,Intelsat License LLC,E030306,"N33 39' 50""","W84 16' 22""",33.66,-84.27,"3,700.00","4,200.00",110,18.9,50.2,239.3,11,250.3,-27.5,TRUE,12/1/2023,12/1/2023 18:22,12/1/2023 18:22
FSS0001316,Active,Intelsat License LLC,E030306,"N33 39' 50""","W84 16' 22""",33.66,-84.27,"3,700.00","4,200.00",111.4,20.6,50.2,239.3,11,250.3,-29.5,TRUE,12/1/2023,12/1/2023 18:22,12/1/2023 18:22
FSS0001318,Active,Intelsat License LLC,E030306,"N33 39' 50""","W84 16' 22""",33.66,-84.27,"3,700.00","4,200.00",112.8,22.2,50.2,239.3,11,250.3,-31.5,TRUE,12/1/2023,12/1/2023 18:22,12/1/2023 18:22
FSS0001320,Active,Intelsat License LLC,E030306,"N33 39' 50""","W84 16' 22""",33.66,-84.27,"3,700.00","4,200.00",115.1,24.6,50.2,239.3,11,250.3,-34.5,TRUE,12/1/2023,12/1/2023 18:22,12/1/2023 18:22
FSS0001322,Active,Intelsat License LLC,E030306,"N33 39' 50""","W84 16' 22""",33.66,-84.27,"3,700.00","4,200.00",122.3,31.3,50.2,239.3,11,250.3,-42.99,TRUE,12/1/2023,12/1/2023 18:22,12/1/2023 18:22
FSS0001324,Active,Intelsat License LLC,E030306,"N33 39' 50""","W84 16' 22""",33.66,-84.27,"3,700.00","4,200.00",124.1,32.8,50.2,239.3,11,250.3,-45,TRUE,12/1/2023,12/1/2023 18:22,12/1/2023 18:22
FSS0001326,Active,Intelsat License LLC,E030306,"N33 39' 50""","W84 16' 22""",33.66,-84.27,"3,700.00","4,200.00",129.2,36.5,50.2,239.3,11,250.3,-50.1,TRUE,12/1/2023,12/1/2023 19:15,12/1/2023 19:15
FSS0001328,Active,Intelsat License LLC,E030306,"N33 39' 50""","W84 16' 22""",33.66,-84.27,"3,700.00","4,200.00",135.3,40.2,50.2,239.3,11,250.3,-55,TRUE,12/1/2023,12/1/2023 18:22,12/1/2023 18:22
FSS0001330,Active,Intelsat License LLC,E030306,"N33 39' 50""","W84 16' 22""",33.66,-84.27,"3,700.00","4,200.00",132.4,37.6,50.2,239.3,11,250.3,-53,TRUE,12/1/2023,12/1/2023 18:22,12/1/2023 18:22
FSS0001332,Active,Intelsat License LLC,E030306,"N33 39' 50""","W84 16' 22""",33.66,-84.27,"3,700.00","4,200.00",188.5,50.5,50.2,239.3,11,250.3,-89,TRUE,12/1/2023,12/1/2023 18:22,12/1/2023 18:22
FSS0001334,Active,Intelsat License LLC,E030306,"N33 39' 50""","W84 16' 22""",33.66,-84.27,"3,700.00","4,200.00",188.5,50.5,50.2,239.3,11,250.3,-89,TRUE,12/1/2023,12/1/2023 18:22,12/1/2023 18:22
FSS0001336,Active,Intelsat License LLC,E030306,"N33 39' 50""","W84 16' 22""",33.66,-84.27,"3,700.00","4,200.00",192,50.2,50.2,239.3,11,250.3,-91,TRUE,12/1/2023,12/1/2023 18:22,12/1/2023 18:22
FSS0001338,Active,Intelsat License LLC,E030306,"N33 39' 50""","W84 16' 22""",33.66,-84.27,"3,700.00","4,200.00",195.6,49.7,50.2,239.3,11,250.3,-93.1,TRUE,12/1/2023,12/1/2023 18:22,12/1/2023 18:22
FSS0001340,Active,Intelsat License LLC,E030306,"N33 39' 50""","W84 16' 22""",33.66,-84.27,"3,700.00","4,200.00",182.4,60.5,50.2,239.3,11,250.3,-97,TRUE,12/1/2023,12/1/2023 18:22,12/1/2023 18:22
FSS0001342,Active,Intelsat License LLC,E030306,"N33 39' 50""","W84 16' 22""",33.66,-84.27,"3,700.00","4,200.00",205.4,47.8,50.2,239.3,11,250.3,-99,TRUE,12/1/2023,12/1/2023 18:22,12/1/2023 18:22
FSS0001344,Active,Intelsat License LLC,E030306,"N33 39' 50""","W84 16' 22""",33.66,-84.27,"3,700.00","4,200.00",233.4,34.7,50.2,239.3,11,250.3,-121,TRUE,12/1/2023,12/1/2023 18:22,12/1/2023 18:22
FSS0001346,Active,Intelsat License LLC,E030306,"N33 39' 50""","W84 16' 22""",33.66,-84.27,"3,700.00","4,200.00",235.3,33.2,50.2,239.3,11,250.3,-123,TRUE,12/1/2023,12/1/2023 18:22,12/1/2023 18:22
FSS0001348,Active,Intelsat License LLC,E030306,"N33 39' 50""","W84 16' 22""",33.66,-84.27,"3,700.00","4,200.00",254.1,29.9,50.2,239.3,11,250.3,32.9,TRUE,12/1/2023,12/1/2023 19:16,12/1/2023 19:16
FSS0001350,Active,Intelsat License LLC,E030306,"N33 39' 50""","W84 16' 22""",33.66,-84.27,"3,700.00","4,200.00",240.8,28.6,50.2,239.3,11,250.3,-129,TRUE,12/1/2023,12/1/2023 18:22,12/1/2023 18:22
FSS0001352,Active,Intelsat License LLC,E030306,"N33 39' 50""","W84 16' 22""",33.66,-84.27,"3,700.00","4,200.00",239,30.2,50.2,239.3,11,250.3,-127,TRUE,12/1/2023,12/1/2023 18:22,12/1/2023 18:22
FSS0001354,Active,Intelsat License LLC,E030306,"N33 39' 50""","W84 16' 22""",33.66,-84.27,"3,700.00","4,200.00",244.1,25.4,50.2,239.3,11,250.3,-133,TRUE,12/1/2023,12/1/2023 18:22,12/1/2023 18:22
FSS0001356,Active,Intelsat License LLC,E030306,"N33 39' 50""","W84 16' 22""",33.66,-84.27,"3,700.00","4,200.00",93.2,13.1,50.2,239.3,11,250.3,180,TRUE,12/1/2023,12/1/2023 19:20,12/1/2023 19:20
FSS0001358,Active,Intelsat License LLC,E030306,"N33 39' 50""","W84 16' 22""",33.66,-84.27,"3,700.00","4,200.00",99.4,21.8,50.2,239.3,11,250.3,169.1,TRUE,12/1/2023,12/1/2023 19:13,12/1/2023 19:13
FSS0001362,Active,Fordham University,E040273,"N40 51' 37""","W73 53' 01.5""",40.86,-73.88,"3,700.00","4,200.00",159.3,40.7,42.9,30.5,2.7,33.2,0,FALSE,1/4/2021,12/2/2022 18:52,12/2/2022 18:52
FSS0001364,Active,Intelsat License LLC,E881304,"N39 16' 34""","W104 48' 27""",39.28,-104.81,"3,700.00","4,200.00",102.8,6.5,50.3,"2,085.00",11,"2,096.00",-34.5,TRUE,12/1/2023,12/1/2023 21:04,12/1/2023 21:04
FSS0001366,Active,Intelsat License LLC,E881304,"N39 16' 34""","W104 48' 27""",39.28,-104.81,"3,700.00","4,200.00",108.7,13,50.3,"2,085.00",11,"2,096.00",-42.98,TRUE,12/1/2023,12/1/2023 21:04,12/1/2023 21:04
FSS0001368,Active,Intelsat License LLC,E881304,"N39 16' 34""","W104 48' 27""",39.28,-104.81,"3,700.00","4,200.00",110.2,14.5,50.3,"2,085.00",11,"2,096.00",-45,TRUE,12/1/2023,12/1/2023 21:04,12/1/2023 21:04
FSS0001370,Active,Intelsat License LLC,E881304,"N39 16' 34""","W104 48' 27""",39.28,-104.81,"3,700.00","4,200.00",114.1,18.2,50.3,"2,085.00",11,"2,096.00",-50,TRUE,12/1/2023,12/1/2023 21:04,12/1/2023 21:04
FSS0001372,Active,Intelsat License LLC,E881304,"N39 16' 34""","W104 48' 27""",39.28,-104.81,"3,700.00","4,200.00",116.5,20.5,50.3,"2,085.00",11,"2,096.00",-53,TRUE,12/1/2023,12/1/2023 21:04,12/1/2023 21:04
FSS0001374,Active,Intelsat License LLC,E881304,"N39 16' 34""","W104 48' 27""",39.28,-104.81,"3,700.00","4,200.00",118.1,21.9,50.3,"2,085.00",11,"2,096.00",-55.5,TRUE,12/1/2023,12/1/2023 21:04,12/1/2023 21:04
FSS0001376,Active,Intelsat License LLC,E881304,"N39 16' 34""","W104 48' 27""",39.28,-104.81,"3,700.00","4,200.00",120.7,24.1,50.3,"2,085.00",11,"2,096.00",-58,TRUE,12/1/2023,12/1/2023 21:04,12/1/2023 21:04
FSS0001378,Active,Intelsat License LLC,E881304,"N39 16' 34""","W104 48' 27""",39.28,-104.81,"3,700.00","4,200.00",155.9,41.7,50.3,"2,085.00",11,"2,096.00",-89,TRUE,12/1/2023,12/1/2023 21:04,12/1/2023 21:04
FSS0001380,Active,Intelsat License LLC,E881304,"N39 16' 34""","W104 48' 27""",39.28,-104.81,"3,700.00","4,200.00",158.8,42.3,50.3,"2,085.00",11,"2,096.00",-91,TRUE,12/1/2023,12/1/2023 21:04,12/1/2023 21:04
FSS0001382,Active,Intelsat License LLC,E881304,"N39 16' 34""","W104 48' 27""",39.28,-104.81,"3,700.00","4,200.00",161.9,42.9,50.3,"2,085.00",11,"2,096.00",-93.1,TRUE,12/1/2023,12/1/2023 21:04,12/1/2023 21:04
FSS0001384,Active,Intelsat License LLC,E881304,"N39 16' 34""","W104 48' 27""",39.28,-104.81,"3,700.00","4,200.00",167.8,43.8,50.3,"2,085.00",11,"2,096.00",-97,TRUE,12/1/2023,12/1/2023 21:04,12/1/2023 21:04
FSS0001386,Active,Intelsat License LLC,E881304,"N39 16' 34""","W104 48' 27""",39.28,-104.81,"3,700.00","4,200.00",170.9,44.1,50.3,"2,085.00",11,"2,096.00",-99,TRUE,12/1/2023,12/1/2023 21:04,12/1/2023 21:04
FSS0001388,Active,Intelsat License LLC,E881304,"N39 16' 34""","W104 48' 27""",39.28,-104.81,"3,700.00","4,200.00",207.4,39.3,50.3,"2,085.00",11,"2,096.00",-123,TRUE,12/1/2023,12/1/2023 21:04,12/1/2023 21:04
FSS0001390,Active,Intelsat License LLC,E881304,"N39 16' 34""","W104 48' 27""",39.28,-104.81,"3,700.00","4,200.00",204.6,41.5,50.3,"2,085.00",11,"2,096.00",-121,TRUE,12/1/2023,12/1/2023 21:04,12/1/2023 21:04
FSS0001392,Active,Intelsat License LLC,E881304,"N39 16' 34""","W104 48' 27""",39.28,-104.81,"3,700.00","4,200.00",207.4,40.8,50.3,"2,085.00",11,"2,096.00",-123,TRUE,12/1/2023,12/1/2023 21:04,12/1/2023 21:04
FSS0001394,Active,Intelsat License LLC,E881304,"N39 16' 34""","W104 48' 27""",39.28,-104.81,"3,700.00","4,200.00",210.2,39.9,50.3,"2,085.00",11,"2,096.00",-125,TRUE,12/1/2023,12/1/2023 21:04,12/1/2023 21:04
FSS0001396,Active,Intelsat License LLC,E881304,"N39 16' 34""","W104 48' 27""",39.28,-104.81,"3,700.00","4,200.00",212.8,39,50.3,"2,085.00",11,"2,096.00",-127,TRUE,12/1/2023,12/1/2023 21:04,12/1/2023 21:04
FSS0001398,Active,Intelsat License LLC,E881304,"N39 16' 34""","W104 48' 27""",39.28,-104.81,"3,700.00","4,200.00",215.4,38.1,50.3,"2,085.00",11,"2,096.00",-129,TRUE,12/1/2023,12/1/2023 21:04,12/1/2023 21:04
FSS0001400,Active,Intelsat License LLC,E881304,"N39 16' 34""","W104 48' 27""",39.28,-104.81,"3,700.00","4,200.00",220.3,36,50.3,"2,085.00",11,"2,096.00",-133,TRUE,12/1/2023,12/1/2023 21:04,12/1/2023 21:04
FSS0001402,Inactive,"COMSAT, INC.",KA31,"N34 24' 05""","W119 04' 26""",34.4,-119.07,"3,600.00","4,200.00",253.8,13.7,52.8,228.6,15.2,243.8,178.1,TRUE,11/27/2022,1/2/2024 16:29,1/2/2024 16:29
FSS0001405,Inactive,"COMSAT, Inc.",KA312,"N41 27' 04.5""","W73 17' 00.2""",41.45,-73.28,"4,198.00","4,200.00",235.2,24.9,53.4,36.6,15.1,51.7,-116.8,TRUE,11/30/2022,1/2/2024 16:38,1/2/2024 16:38
FSS0001407,Inactive,"COMSAT, Inc.",E990032,"N41 27' 05.8""","W73 17' 20.6""",41.45,-73.29,"3,600.00","4,200.00",138.5,33,51.5,36.6,12.8,49.4,-43,TRUE,11/16/2022,1/2/2024 16:36,1/2/2024 16:36
FSS0001409,Inactive,"COMSAT, Inc.",E990034,"N41 27' 07""","W73 17' 17.3""",41.45,-73.29,"3,600.00","4,200.00",138.5,33,54,36.6,16.8,53.4,-43,TRUE,11/16/2022,1/2/2024 16:37,1/2/2024 16:37
FSS0001413,Inactive,"COMSAT, Inc.",KB34,"N34 24' 05""","W119 04' 29.4""",34.4,-119.07,"3,600.00","4,200.00",253.5,13.7,52.8,229.2,15.2,244.4,178.1,TRUE,11/27/2022,1/2/2024 16:38,1/2/2024 16:38
FSS0001415,Inactive,"COMSAT, Inc.",WA28,"N41 27' 04.1""","W73 17' 20.9""",41.45,-73.29,"3,600.00","4,200.00",151.5,39.4,52.8,35.7,14.6,50.3,-54,TRUE,11/16/2022,1/2/2024 16:36,1/2/2024 16:36
FSS0001417,Inactive,"COMSAT, Inc.",WA28,"N41 27' 05""","W73 17' 21""",41.45,-73.29,"3,600.00","4,200.00",118,20,52.8,36.6,15.2,51.8,-22,TRUE,11/16/2022,1/2/2024 16:36,1/2/2024 16:36
FSS0001419,Inactive,"COMSAT, Inc.",WA28,"N41 27' 04.5""","W73 17' 21.5""",41.45,-73.29,"3,600.00","4,200.00",216.5,38.4,50.4,35.7,11,46.7,-98.4,TRUE,11/16/2022,1/2/2024 16:36,1/2/2024 16:36
FSS0001428,Inactive,"COMSAT, Inc.",E990027,"N34 24' 05""","W119 04' 26""",34.4,-119.07,"4,000.00","4,200.00",144.3,43.6,44.2,236.8,4.8,241.6,97,TRUE,11/30/2022,1/2/2024 16:30,1/2/2024 16:30
FSS0001430,Inactive,"COMSAT, iNC.",E980136,"N34 24' 06""","W119 04' 21.8""",34.4,-119.07,"3,600.00","4,200.00",176,50,55.5,229.2,17.7,246.9,-117,TRUE,11/27/2022,1/2/2024 16:37,1/2/2024 16:37
FSS0001432,Inactive,"COMSAT, Inc.",E980137,"N34 24' 06""","W119 04' 21.8""",34.4,-119.07,"3,600.00","4,200.00",176,50,55.2,229.2,17.7,246.9,117,TRUE,11/27/2022,1/2/2024 16:38,1/2/2024 16:38
FSS0001435,Inactive,"COMSAT, Inc.",KA249,"N34 24' 06""","W119 04' 21.8""",34.4,-119.07,"4,000.00","4,200.00",250.5,17.7,53.2,228.6,13.7,242.3,-177,TRUE,11/17/2022,1/2/2024 16:28,1/2/2024 16:28
FSS0001444,Active,TowerStream Corp.,KA412,"N25 48' 35""","W80 21' 11""",25.81,-80.35,"3,625.00","4,200.00",97,5.4,42,1.8,12.5,14.3,6,FALSE,10/31/2023,10/31/2023 11:05,10/31/2023 11:05
FSS0001450,Inactive,INMARSAT INC.,KA25,"N21 40' 16.8""","W158 02' 02.4""",21.67,-158.03,"3,700.00","4,200.00",235.2,49.5,55.6,144.8,20.1,164.9,174,TRUE,11/17/2021,9/14/2023 9:25,9/14/2023 9:25
FSS0001453,Inactive,INMARSAT INC.,KA25,"N21 40' 16.8""","W158 02' 02.4""",21.67,-158.03,"3,700.00","4,200.00",228.1,54.2,55.6,144.8,20.1,164.9,179.6,TRUE,11/17/2021,9/14/2023 10:10,9/14/2023 10:10
FSS0001455,Inactive,INMARSAT INC.,KA25,"N21 40' 16.8""","W158 02' 02.4""",21.67,-158.03,"3,700.00","4,200.00",224.5,56,55.6,144.8,20.1,164.9,178,TRUE,11/17/2021,9/14/2023 10:12,9/14/2023 10:12
FSS0001457,Inactive,INMARSAT INC.,KA25,"N21 40' 16.8""","W158 02' 02.4""",21.67,-158.03,"3,700.00","4,200.00",102,19.5,55.6,144.8,20.1,164.9,-98,TRUE,11/17/2021,9/14/2023 10:13,9/14/2023 10:13
FSS0001459,Inactive,INMARSAT INC.,KA25,"N21 40' 16.8""","W158 02' 02.4""",21.67,-158.03,"3,600.00","3,700.00",102,19.5,55.6,144.8,20.1,164.9,-98,FALSE,11/17/2021,9/14/2023 10:13,9/14/2023 10:13
FSS0001461,Inactive,INMARSAT INC.,KA25,"N21 40' 16.8""","W158 02' 02.4""",21.67,-158.03,"3,700.00","4,200.00",257.2,21,55.6,144.8,20.1,164.9,143.5,TRUE,11/17/2021,9/14/2023 10:14,9/14/2023 10:14
FSS0001463,Inactive,INMARSAT INC.,KA25,"N21 40' 16.8""","W158 02' 02.4""",21.67,-158.03,"3,600.00","3,700.00",257.2,21,55.6,144.8,20.1,164.9,143.5,FALSE,11/17/2021,9/14/2023 10:15,9/14/2023 10:15
FSS0001465,Inactive,INMARSAT INC.,KA25,"N21 40' 10.4""","W158 01' 59.4""",21.67,-158.03,"3,600.00","3,700.00",102,19.5,55.1,144.8,20.1,164.9,-98,FALSE,11/14/2018,11/14/2018 11:56,11/14/2018 11:56
FSS0001467,Inactive,INMARSAT INC.,KA25,"N21 40' 11.3""","W158 01' 59.6""",21.67,-158.03,"3,600.00","3,700.00",257.2,21,55.1,144.8,20.1,164.9,143.5,FALSE,11/14/2018,11/14/2018 11:58,11/14/2018 11:58
FSS0001469,Inactive,INMARSAT INC.,KA25,"N21 40' 10.4""","W158 01' 59.4""",21.67,-158.03,"3,700.00","3,955.00",102,19.5,55.1,144.8,20.1,164.9,-98,TRUE,11/14/2018,11/14/2018 11:59,11/14/2018 11:59
FSS0001471,Inactive,INMARSAT INC.,KA25,"N21 40' 11.3""","W158 01' 59.6""",21.67,-158.03,"3,700.00","3,955.00",257.2,21,55.1,144.8,20.1,164.9,143.5,TRUE,11/14/2018,11/14/2018 11:59,11/14/2018 11:59
FSS0001475,Active,INMARSAT INC.,E080059,"N21 40' 10.4""","W158 01' 59.4""",21.67,-158.03,"3,700.00","3,955.00",102,19.5,55.1,144.8,20.1,164.9,-98,TRUE,11/13/2023,11/13/2023 9:53,11/13/2023 9:53
FSS0001477,Active,INMARSAT INC.,E080059,"N21 40' 10.4""","W158 01' 59.4""",21.67,-158.03,"3,600.00","3,700.00",102,19.5,55.1,144.8,20.1,164.9,-98,FALSE,11/13/2023,11/13/2023 9:53,11/13/2023 9:53
FSS0001479,Active,INMARSAT INC.,E080059,"N21 40' 11.3""","W158 01' 59.6""",21.67,-158.03,"3,700.00","3,955.00",257.2,21,55.1,144.8,20.1,164.9,143.5,TRUE,11/13/2023,11/13/2023 9:53,11/13/2023 9:53
FSS0001481,Active,INMARSAT INC.,E080059,"N21 40' 11.3""","W158 01' 59.6""",21.67,-158.03,"3,600.00","3,700.00",257.2,21,55.1,144.8,20.1,164.9,143.5,FALSE,11/13/2023,11/13/2023 9:53,11/13/2023 9:53
FSS0001483,Inactive,"COMSAT, Inc.",KB34,"N34 24' 05""","W119 04' 29.4""",34.4,-119.07,"3,600.00","4,200.00",145.1,43.9,50.4,228.6,11,239.6,-97.6,TRUE,11/27/2022,1/2/2024 16:38,1/2/2024 16:38
FSS0001488,Inactive,AT&T Corp.,E980066,"N34 04' 52.6""","W118 53' 52.9""",34.08,-118.9,"3,625.00","4,200.00",176.2,50.3,49.9,330.7,9.6,340.3,-116.8,FALSE,11/30/2023,11/30/2023 14:09,11/30/2023 14:09
FSS0001490,Active,AT&T Corp.,E980493,"N40 53' 39.3""","W76 26' 19.8""",40.89,-76.44,"3,625.00","4,200.00",146.5,37,56.3,292.6,21.3,313.9,-53,FALSE,11/30/2023,11/30/2023 14:07,11/30/2023 14:07
FSS0001492,Active,AT&T Corp.,E980493,"N40 53' 39.3""","W76 26' 19.8""",40.89,-76.44,"3,625.00","4,200.00",146.5,37,55.1,292.6,16.4,309,-53,FALSE,11/30/2023,11/30/2023 14:08,11/30/2023 14:08
FSS0001494,Active,AT&T Corp.,KA91,"N34 04' 49.7""","W118 53' 43.9""",34.08,-118.9,"3,625.00","4,200.00",252.8,15.2,61,330.8,38.1,368.9,180,FALSE,11/30/2023,11/30/2023 14:02,11/30/2023 14:02
FSS0001496,Active,AT&T Corp.,KA273,"N34 04' 50.3""","W118 53' 46.4""",34.08,-118.9,"3,625.00","4,200.00",250.8,17.7,61.4,330.8,38.1,368.9,-177,FALSE,11/30/2023,11/30/2023 13:58,11/30/2023 13:58
FSS0001498,Inactive,AT&T Corp.,KA444,"N40 53' 35.9""","W76 26' 22.6""",40.89,-76.44,"3,625.00","4,200.00",115,17.8,60.8,296,39.2,335.2,-22,FALSE,11/30/2023,11/30/2023 14:10,11/30/2023 14:10
FSS0001500,Inactive,AT&T Corp.,KB32,"N34 04' 51""","W118 53' 44""",34.08,-118.9,"3,625.00","4,200.00",104,11.2,61,331,38.1,369.1,-53,FALSE,11/30/2023,11/30/2023 14:04,11/30/2023 14:04
FSS0001502,Inactive,AT&T Corp.,WA33,"N40 53' 37.5""","W76 26' 21.8""",40.89,-76.44,"3,625.00","4,200.00",118.3,20.6,60.3,296,39.2,335.2,-25.9,FALSE,11/30/2023,11/30/2023 14:05,11/30/2023 14:05
FSS0001510,Inactive,Kaylee Lynn Stein,E160142,"N37 46' 26.3""","W122 25' 52.67""",37.77,-122.43,"3,600.00","4,200.00",359,0.3,60,140,5,145,-122.25,TRUE,,9/25/2019 10:26,9/25/2019 10:26
FSS0001515,Inactive,Bare Necessites LLC,E555001,"N45 13' 34.27""","W112 37' 43.8""",45.23,-112.63,"3,600.00","3,700.00",100,0,18,3,8,11,45,TRUE,2/22/2019,9/25/2019 10:27,9/25/2019 10:27
FSS0001517,Inactive,Sky Earth Network ULTD,E180013,"N37 59' 59""","W122 39' 54""",38,-122.67,"3,603.30","4,200.00",108,46,0.5,243.2,83,326.2,123,TRUE,,9/25/2019 10:25,9/25/2019 10:25
FSS0001519,Inactive,Sky Earth Network ULTD,E180015,"N44 25' 28.4""","W103 30' 55.3""",44.42,-103.52,"3,603.50","3,603.90",180,46,0.5,"4,226.80",422,"4,648.80",-103,TRUE,,9/25/2019 10:24,9/25/2019 10:24
FSS0001523,Inactive,"FRESH AIR, INC.",E040412,"N44 58' 12.8""","W93 14' 47.8""",44.97,-93.25,"3,700.00","4,200.00",188.1,37.9,42.9,249,17,266,99,FALSE,12/5/2020,11/16/2022 11:54,11/16/2022 11:54
FSS0001536,Active,"Sprint Communications Co., LP",E6777,"N41 07' 04""","W74 34' 33""",41.12,-74.58,"3,625.00","4,200.00",128.1,27.6,55.8,207.3,13,220.3,18,FALSE,11/2/2022,11/2/2022 13:50,11/2/2022 13:50
FSS0001538,Active,"Sprint Communications Co., LP",E6777,"N41 07' 04""","W74 34' 33""",41.12,-74.58,"3,625.00","4,200.00",128.1,27.6,55.8,207.3,13,220.3,145,FALSE,11/2/2022,11/2/2022 13:50,11/2/2022 13:50
FSS0001540,Active,"Sprint Communications CO., LP",KA231,"N41 07' 04""","W74 34' 33""",41.12,-74.58,"3,625.00","4,200.00",116.3,18.7,56,207.3,18.9,226.2,34.2,FALSE,11/2/2022,11/2/2022 13:48,11/2/2022 13:48
FSS0001544,Inactive,"MCI COMMUNICATIONS SERVICES, INC.",E000306,"N44 38' 01.4""","W70 41' 53.4""",44.63,-70.7,"3,625.00","4,200.00",104.6,5.6,57.4,268.2,23.8,292,-1,FALSE,11/17/2020,11/20/2020 14:38,11/20/2020 14:38
FSS0001546,Inactive,"MCI COMMUNICATIONS SERVICES, INC.",E930190,"N44 37' 57.27""","W70 41' 55.15""",44.63,-70.7,"3,625.00","4,200.00",239.7,18.8,50.5,268.2,10.4,278.6,-121,FALSE,11/2/2020,11/20/2020 14:38,11/20/2020 14:38
FSS0001549,Inactive,"MCI COMMUNICATIONS SERVICES, INC.",KA221,"N45 51' 46.4""","W122 23' 44.3""",45.86,-122.4,"3,625.00","4,200.00",254.3,6.1,56.3,214.9,19.8,234.7,169,FALSE,11/2/2020,11/20/2020 14:38,11/20/2020 14:38
FSS0001554,Active,SES Americom Inc,E090134,"N21 40' 14.8""","W158 01' 55""",21.67,-158.03,"3,700.00","4,200.00",109.1,33.3,50.7,140.2,6.1,146.3,-111,TRUE,10/27/2023,10/27/2023 9:45,10/27/2023 9:45
FSS0001557,Active,SES Americom Inc,E000313,"N21 40' 12.9""","W158 01' 55.9""",21.67,-158.03,"3,700.00","4,200.00",130.4,54,51.9,134.1,11,145.1,-135,TRUE,10/27/2023,10/27/2023 9:45,10/27/2023 9:45
FSS0001559,Active,SES Americom Inc,E020287,"N21 40' 16.5""","W158 01' 54.2""",21.67,-158.03,"3,700.00","4,200.00",237.4,47.8,51.9,134.1,13,147.1,172,TRUE,10/27/2023,10/27/2023 9:46,10/27/2023 9:46
FSS0001561,Active,SES Americom Inc,E090060,"N21 40' 14""","W158 01' 56""",21.67,-158.03,"3,700.00","4,200.00",136.9,56.7,50.5,139.3,10.1,149.4,-139,TRUE,10/27/2023,10/27/2023 9:46,10/27/2023 9:46
FSS0001563,Active,SES Americom Inc,E960207,"N21 40' 27""","W158 02' 05""",21.67,-158.03,"3,700.00","4,200.00",237.4,47.8,51.9,134.1,11,145.1,172,TRUE,10/27/2023,10/27/2023 9:47,10/27/2023 9:47
FSS0001565,Active,SES Americom Inc,E000696,"N38 47' 03.2""","W77 34' 21.7""",38.78,-77.57,"3,625.00","4,200.00",137.2,35.4,49.3,86.5,9.2,95.7,-47.5,TRUE,10/23/2023,10/23/2023 13:11,10/23/2023 13:11
FSS0001567,Active,SES Americom Inc,E000152,"N38 47' 01.6""","W77 34' 24.3""",38.78,-77.57,"3,625.00","4,200.00",137.3,35.9,50.1,86.5,10,96.5,-47.5,TRUE,10/23/2023,10/23/2023 13:11,10/23/2023 13:11
FSS0001569,Inactive,SES Americom Inc,E980076,"N38 47' 01""","W77 34' 23""",38.78,-77.57,"3,625.00","4,200.00",111.7,16.4,50.1,86.5,9.2,95.7,-20,TRUE,2/5/2020,11/16/2022 11:50,11/16/2022 11:50
FSS0001571,Active,SES Americom Inc,E000696,"N38 47' 03.2""","W77 34' 21.7""",38.78,-77.57,"3,625.00","4,200.00",129.5,31.1,51.6,86.5,12.8,99.3,-40.5,TRUE,10/23/2023,10/23/2023 13:11,10/23/2023 13:11
FSS0001573,Active,SES Americom Inc,E000696,"N38 47' 03.2""","W77 34' 21.7""",38.78,-77.57,"3,625.00","4,200.00",113.3,17.9,55.1,86.5,17,103.5,-22,TRUE,10/23/2023,10/23/2023 13:11,10/23/2023 13:11
FSS0001576,Inactive,SES Americom Inc,E000152,"N38 47' 01.6""","W77 34' 24.3""",38.78,-77.57,"3,700.00","4,200.00",129.7,31,47.4,86.5,7,93.5,-40.5,TRUE,11/9/2021,11/9/2021 12:56,11/9/2021 12:56
FSS0001578,Active,"Sprint Communications Co., LP",E6241,"N37 45' 40""","W121 47' 53""",37.76,-121.8,"3,625.00","4,200.00",242.4,22.9,55.8,236.2,14.7,250.9,171,FALSE,11/2/2022,11/2/2022 13:50,11/2/2022 13:50
FSS0001580,Active,"Sprint Communications Co., LP",KA232,"N37 45' 40""","W121 47' 53""",37.76,-121.8,"3,625.00","4,200.00",249.2,16.3,56,230.4,18.9,249.3,180,FALSE,11/2/2022,11/2/2022 13:49,11/2/2022 13:49
FSS0001582,Inactive,"SES Americom, Inc",E070183,"N39 22' 36""","W77 04' 47.3""",39.38,-77.08,"3,700.00","4,200.00",245.2,18.9,51.9,190.5,14.6,205.1,-131,FALSE,2/4/2020,11/16/2022 11:46,11/16/2022 11:46
FSS0001585,Inactive,"SES Americpm, INC",E2037,"N39 22' 33""","W77 04' 54""",39.38,-77.08,"3,700.00","4,200.00",217.5,37.1,53,175.3,17.1,192.4,103,FALSE,2/4/2020,11/16/2022 11:45,11/16/2022 11:45
FSS0001587,Inactive,"SES Americpm, INC",E2037,"N39 22' 33""","W77 04' 54""",39.38,-77.08,"3,700.00","4,200.00",215,38.1,53,175.3,17.1,192.4,101,FALSE,2/4/2020,11/16/2022 11:45,11/16/2022 11:45
FSS0001589,Inactive,"SES Americpm, INC",E2037,"N39 22' 33""","W77 04' 54""",39.38,-77.08,"3,700.00","4,200.00",189.3,44,53,175.3,17.1,192.4,83,FALSE,2/4/2020,11/16/2022 11:45,11/16/2022 11:45
FSS0001591,Inactive,"SES Americom, INC",E990136,"N39 22' 36""","W77 04' 52""",39.38,-77.08,"3,700.00","4,200.00",127.5,29,52.5,182.9,12.8,195.7,37.5,FALSE,2/4/2020,11/16/2022 11:44,11/16/2022 11:44
FSS0001593,Inactive,"MCI COMMUNICATIONS SERVICES, INC.",E990175,"N38 43' 45.04""","W78 39' 25.16""",38.73,-78.66,"3,625.00","4,200.00",193.2,44.3,50.6,283.5,12,295.5,87,FALSE,11/17/2020,11/20/2020 14:39,11/20/2020 14:39
FSS0001603,Active,"Denali 20020, LLC",KA337,"N48 08' 46.68""","W119 41' 34.2""",48.15,-119.69,"3,625.00","4,200.00",244.5,12.7,57.1,390.5,18.5,409,-177,TRUE,9/7/2023,9/7/2023 11:28,9/7/2023 11:28
FSS0001606,Active,"Denali 20020, LLC",KA294,"N48 08' 50.52""","W119 41' 32.82""",48.15,-119.69,"3,625.00","4,200.00",244.5,12.7,54.3,385,13.5,398.5,-177,FALSE,9/7/2023,9/7/2023 11:29,9/7/2023 11:29
FSS0001609,Active,"Denali 20020, LLC",WB81,"N41 12' 06.8""","W74 31' 36.56""",41.2,-74.53,"3,700.00","4,200.00",195.7,41.2,54.1,190,13.5,203.5,85,FALSE,9/7/2023,9/7/2023 11:32,9/7/2023 11:32
FSS0001611,Active,"Denali 20020, LLC",WB81,"N41 12' 06.37""","W74 31' 35.95""",41.2,-74.53,"3,700.00","4,200.00",250.1,19.6,52.5,190,30,220,131,TRUE,9/7/2023,9/7/2023 11:32,9/7/2023 11:32
FSS0001613,Active,Intelsat License LLC,E860175,"N34 24' 20""","W118 53' 40""",34.41,-118.89,"3,700.00","4,200.00",134.5,38.9,50.5,305,9.3,314.3,-89,TRUE,12/1/2023,12/1/2023 20:59,12/1/2023 20:59
FSS0001615,Active,Intelsat License LLC,KA391,"N34 24' 22""","W118 53' 37""",34.41,-118.89,"3,700.00","4,200.00",253.8,13.6,52.2,302.1,13.1,315.2,178,TRUE,12/1/2023,12/1/2023 21:20,12/1/2023 21:20
FSS0001617,Active,Intelsat License LLC,E000363,"N34 24' 17""","W118 53' 39""",34.4,-118.89,"3,700.00","4,200.00",203.9,47.3,50.5,305,11.1,316.1,-133,TRUE,12/1/2023,12/1/2023 20:18,12/1/2023 20:18
FSS0001628,Inactive,SES Americom Inc.,E140095,"N39 22' 39.5""","W77 04' 51.5""",39.38,-77.08,"3,700.00","4,200.00",192.1,43.7,48.3,198.2,8.5,206.7,-84.85,TRUE,2/4/2020,11/16/2022 11:44,11/16/2022 11:44
FSS0001630,Inactive,SES Americom Inc.,E070181,"N39 22' 35.9""","W77 04' 48.3""",39.38,-77.08,"3,700.00","4,200.00",251.3,12.9,48.1,189,9.8,198.8,139,TRUE,2/4/2020,11/16/2022 11:43,11/16/2022 11:43
FSS0001632,Inactive,"SES Americom, Inc",E000275,"N39 22' 33""","W77 04' 50.9""",39.38,-77.08,"3,700.00","4,200.00",192.1,43.7,51.8,188.4,4,192.4,-84.85,TRUE,2/4/2020,11/16/2022 11:43,11/16/2022 11:43
FSS0001634,Inactive,"SES Americom, Inc",E070182,"N39 22' 38.9""","W77 04' 48.5""",39.38,-77.08,"3,700.00","4,200.00",195.4,43.3,51.6,192.6,14.6,207.2,-87,FALSE,2/4/2020,11/16/2022 11:43,11/16/2022 11:43
FSS0001636,Inactive,SES Americom Inc.,E120055,"N39 22' 37""","W77 04' 46""",39.38,-77.08,"3,700.00","4,200.00",219.9,36.1,48.8,192,8.5,200.5,-105,TRUE,2/4/2020,11/16/2022 11:42,11/16/2022 11:42
FSS0001638,Inactive,SES Americom Inc,E120055,"N39 22' 37""","W77 04' 46""",39.38,-77.08,"3,700.00","4,200.00",108.6,12.8,54.1,192,15,207,-15,TRUE,2/4/2020,11/16/2022 11:42,11/16/2022 11:42
FSS0001642,Inactive,SES Americom Inc.,E7169,"N39 22' 33.4""","W77 04' 50.9""",39.38,-77.08,"3,700.00","4,200.00",255.6,8.3,53,187.8,17.1,204.9,-145,TRUE,2/4/2020,11/16/2022 11:41,11/16/2022 11:41
FSS0001645,Inactive,"SES Americom, Inc",E000275,"N39 22' 22""","W77 04' 50.9""",39.37,-77.08,"3,700.00","4,200.00",256.3,7.5,43.8,188.4,4,192.4,146,FALSE,2/4/2020,11/16/2022 11:41,11/16/2022 11:41
FSS0001647,Inactive,Mark Rathert,E170221,"N39 22' 36.7""","W77 04' 50.8""",39.38,-77.08,"3,700.00","4,200.00",127.5,29,51.8,183.3,13.3,196.6,37.5,TRUE,2/4/2020,11/16/2022 11:40,11/16/2022 11:40
FSS0001649,Inactive,SES Americom Inc,E930289,"N34 19' 32""","W118 59' 38""",34.33,-118.99,"3,700.00","4,200.00",108.7,16.9,50.1,307.8,10,317.8,-60,FALSE,2/4/2020,11/16/2022 11:39,11/16/2022 11:39
FSS0001651,Active,SES Americom Inc,E930289,"N34 19' 31""","W118 59' 41""",34.33,-118.99,"3,625.00","4,200.00",115.3,24.1,53.5,307,14.9,321.9,-69,TRUE,10/27/2023,10/27/2023 9:51,10/27/2023 9:51
FSS0001653,Inactive,SES Americom Inc,E000289,"N34 19' 31""","W118 59' 44.4""",34.33,-119,"3,700.00","4,200.00",113.8,22.5,50.1,308.9,11,319.9,67,TRUE,2/4/2020,11/16/2022 11:27,11/16/2022 11:27
FSS0001655,Active,SES Americom Inc,KA318,"N34 19' 31""","W118 59' 41""",34.33,-118.99,"3,625.00","4,200.00",153.3,46.5,50,317,10,327,-103,TRUE,10/27/2023,10/27/2023 9:50,10/27/2023 9:50
FSS0001657,Inactive,SES Americom Inc,E170201,"N34 19' 31.1""","W118 59' 46.2""",34.33,-119,"3,700.00","4,200.00",260.2,5.5,47.5,314,7.9,321.9,168,TRUE,2/4/2020,11/16/2022 11:26,11/16/2022 11:26
FSS0001659,Inactive,SES Americom Inc,E160139,"N34 19' 32""","W118 59' 44""",34.33,-119,"3,700.00","4,200.00",210,45.7,55.7,312,15,327,137,FALSE,2/5/2020,11/16/2022 11:50,11/16/2022 11:50
FSS0001661,Inactive,"SES Americom, INC",E180341,"N39 22' 36""","W77 04' 50""",39.38,-77.08,"3,700.00","4,200.00",102.3,5.8,41.5,610,4.9,614.9,-6,FALSE,2/5/2020,11/16/2022 11:49,11/16/2022 11:49
FSS0001663,Inactive,"SES Americom, INC",E180341,"N39 22' 36""","W77 04' 50""",39.38,-77.08,"3,700.00","4,200.00",258.3,5.2,36,610,2.4,612.4,-149,FALSE,2/5/2020,11/16/2022 11:49,11/16/2022 11:49
FSS0001665,Inactive,"SES Americom, Inc",E180379,"N38 46' 59.8""","W77 34' 23""",38.78,-77.57,"3,700.00","4,200.00",102.4,6.4,44.2,93,5.2,98.2,7,FALSE,2/5/2020,11/16/2022 11:49,11/16/2022 11:49
FSS0001667,Inactive,"SES Americom, Inc",E180380,"N39 22' 33""","W77 04' 49""",39.38,-77.08,"3,700.00","4,200.00",258.3,5.2,44,610,5.1,615.1,-149,FALSE,2/5/2020,11/16/2022 11:48,11/16/2022 11:48
FSS0001669,Inactive,"SES Americom, Inc",E180400,"N39 22' 34""","W77 04' 49""",39.38,-77.08,"3,700.00","4,200.00",258.3,5.2,40.4,610,3.4,613.4,149,TRUE,2/5/2020,11/16/2022 11:48,11/16/2022 11:48
FSS0001671,Inactive,"SES Americom, Inc",E180421,"N39 22' 39""","W77 04' 48""",39.38,-77.08,"3,700.00","4,200.00",102.3,5.8,47.8,640,7.6,647.6,-6,FALSE,2/5/2020,11/16/2022 11:47,11/16/2022 11:47
FSS0001673,Inactive,"SES Americom, Inc",E180422,"N39 22' 37""","W77 04' 49""",39.38,-77.08,"3,700.00","4,200.00",258.3,5.2,47.8,620,7.6,627.6,-149,FALSE,2/5/2020,11/16/2022 11:47,11/16/2022 11:47
FSS0001675,Inactive,SES Americom Inc,E940156,"N34 19' 30""","W118 59' 43.5""",34.33,-119,"3,700.00","4,200.00",108.7,16.9,53.5,304.8,11.2,316,-60,TRUE,2/5/2020,11/16/2022 11:47,11/16/2022 11:47
FSS0001677,Inactive,SES Americom Inc,E980076,"N38 47' 01""","W77 34' 23""",38.78,-77.57,"3,700.00","4,200.00",111.7,16.4,50.5,86.5,10.2,96.7,-20,TRUE,2/5/2020,11/16/2022 11:46,11/16/2022 11:46
FSS0001680,Inactive,SES Americom Inc,KA272,"N34 19' 31""","W118 59' 44.4""",34.33,-119,"3,700.00","4,200.00",257.8,10.3,57.5,311.5,37.8,349.3,8,TRUE,2/6/2020,11/16/2022 11:52,11/16/2022 11:52
FSS0001682,Inactive,SES Americom Inc,KB27,"N34 19' 31""","W118 59' 44.4""",34.33,-119,"3,625.00","4,200.00",257.8,8.6,53.2,307,14.9,321.9,8,TRUE,2/6/2020,11/16/2022 11:51,11/16/2022 11:51
FSS0001684,Active,SES Americom Inc,KB27,"N34 19' 31""","W118 59' 44.4""",34.33,-119,"3,625.00","4,200.00",104.1,11.1,53.5,307,14.9,321.9,53,TRUE,10/27/2023,10/27/2023 9:48,10/27/2023 9:48
FSS0001686,Inactive,SES Americom Inc,KB27,"N34 19' 31""","W118 59' 44.4""",34.33,-119,"3,625.00","4,200.00",257.8,8.6,51.4,307,12.8,319.8,8,TRUE,2/6/2020,11/16/2022 11:51,11/16/2022 11:51
FSS0001688,Inactive,SES Americom Inc,KB27,"N34 19' 31""","W118 59' 44.4""",34.33,-119,"3,625.00","4,200.00",226.8,38.2,51.9,307,12.8,319.8,-150,TRUE,2/6/2020,11/16/2022 11:50,11/16/2022 11:50
FSS0001693,Active,MX1 Inc,E170048,"N41 27' 49.6""","W75 07' 50""",41.46,-75.13,"3,700.00","4,200.00",218.6,34.3,44,277.1,5.8,282.9,-103,TRUE,10/31/2023,10/31/2023 9:25,10/31/2023 9:25
FSS0001695,Active,MX1 Inc,E170048,"N41 27' 49.6""","W75 07' 50""",41.46,-75.13,"3,700.00","4,200.00",245.8,16.5,44,277.1,5.8,282.9,-131,TRUE,10/31/2023,10/31/2023 9:25,10/31/2023 9:25
FSS0001697,Active,MX1 Inc,E170080,"N41 27' 49.8""","W75 07' 51.3""",41.46,-75.13,"3,700.00","4,200.00",220.9,33.3,50.7,275.1,13,288.1,-105,TRUE,10/31/2023,10/31/2023 9:37,10/31/2023 9:37
FSS0001699,Active,MX1 Inc,E120095,"N41 27' 50.9""","W75 07' 51""",41.46,-75.13,"3,700.00","4,200.00",141.7,34.4,47.3,277.1,5.2,282.3,-10,TRUE,10/31/2023,10/31/2023 9:25,10/31/2023 9:25
FSS0001701,Active,MX1 Inc,E120095,"N41 27' 50.9""","W75 07' 51""",41.46,-75.13,"3,700.00","4,200.00",216.2,35.3,44,277.1,5.2,282.3,-101,TRUE,10/31/2023,10/31/2023 9:25,10/31/2023 9:25
FSS0001703,Active,Mx1 Inc,E950055,"N41 27' 51.9""","W75 07' 47.3""",41.46,-75.13,"3,700.00","4,200.00",155,39,50,270,10,280,-58,TRUE,10/31/2023,10/31/2023 9:24,10/31/2023 9:24
FSS0001705,Active,MX1 Inc,E950056,"N41 27' 47.6""","W75 07' 49.1""",41.46,-75.13,"3,700.00","4,200.00",245.8,16.5,53.2,269.8,5.9,275.7,-131.1,TRUE,10/31/2023,10/31/2023 9:25,10/31/2023 9:25
FSS0001721,Active,"Denali 20020, LLC",E891020,"N48 08' 47.04""","W119 41' 33""",48.15,-119.69,"3,700.00","4,200.00",109.8,8.3,52.5,390.5,12.8,403.3,-55.5,FALSE,9/7/2023,9/7/2023 11:26,9/7/2023 11:26
FSS0001723,Active,"Denali 20020, LLC",E891020,"N48 08' 48.12""","W119 41' 31.2""",48.15,-119.69,"3,700.00","4,200.00",173.7,34.5,47.1,385,8.1,393.1,115,FALSE,9/7/2023,9/7/2023 11:26,9/7/2023 11:26
FSS0001725,Active,"Denali 20020, LLC",E891020,"N48 08' 47.76""","W119 41' 30.84""",48.15,-119.69,"3,700.00","4,200.00",158.1,32.4,45.1,385,5.6,390.6,103,FALSE,9/7/2023,9/7/2023 11:26,9/7/2023 11:26
FSS0001727,Active,"Denali 20020, LLC",E891020,"N48 08' 47.49""","W119 41' 32.31""",48.15,-119.69,"3,700.00","4,200.00",114,11.9,50.6,385,9.4,394.4,61,FALSE,9/7/2023,9/7/2023 11:26,9/7/2023 11:26
FSS0001729,Active,"Denali 20020, LLC",E891020,"N48 08' 48.22""","W119 41' 32.32""",48.15,-119.69,"3,700.00","4,200.00",200.2,32.8,50.6,385,9.4,394.4,135,FALSE,9/7/2023,9/7/2023 11:26,9/7/2023 11:26
FSS0001731,Active,"Denali 20020, LLC",KA337,"N48 08' 45.96""","W119 41' 34.44""",48.15,-119.69,"3,700.00","4,200.00",107.8,6.7,56.9,390.5,18.5,409,53,TRUE,9/7/2023,9/7/2023 11:28,9/7/2023 11:28
FSS0001733,Active,"Denali 20020, LLC",KA20,"N48 08' 48.84""","W119 41' 32.28""",48.15,-119.69,"3,625.00","4,200.00",244.5,12.7,62.4,370,35,405,-177,FALSE,9/7/2023,9/7/2023 11:30,9/7/2023 11:30
FSS0001735,Active,"DENALI 20020, LLC",E000061,"N48 08' 51.36""","W119 41' 33.72""",48.15,-119.69,"3,700.00","4,200.00",181.7,34.7,55.9,385,16.9,401.9,-121,FALSE,9/7/2023,9/7/2023 11:31,9/7/2023 11:31
FSS0001739,Active,"Denali 20020, LLC",WB81,"N41 12' 05.99""","W74 31' 35.5""",41.2,-74.53,"3,700.00","4,200.00",250.1,19.6,54.1,190,18,208,131,TRUE,9/7/2023,9/7/2023 11:32,9/7/2023 11:32
FSS0001741,Active,"Denali 20020, LLC",WB81,"N41 12' 03.39""","W74 31' 32.68""",41.2,-74.53,"3,700.00","4,200.00",165.3,41.2,54.1,190,13.5,203.5,65,FALSE,9/7/2023,9/7/2023 11:32,9/7/2023 11:32
FSS0001743,Active,"Denali 20020, LLC",WB81,"N41 12' 04.16""","W74 31' 33.79""",41.2,-74.53,"3,700.00","4,200.00",216.7,35.3,53.8,190,13,203,-101,FALSE,9/7/2023,9/7/2023 11:32,9/7/2023 11:32
FSS0001745,Active,"Denali 20020, LLC",E960222,"N48 08' 48.47""","W119 41' 30.15""",48.15,-119.69,"3,625.00","4,200.00",163.6,33.4,50.6,385,9.5,394.5,-107.3,FALSE,9/7/2023,9/7/2023 11:34,9/7/2023 11:34
FSS0001747,Active,"Denali 20020, LLC",E140070,"N48 08' 54.24""","W119 42' 01.8""",48.15,-119.7,"3,625.00","4,200.00",192.7,33.9,52.5,390.5,11.5,402,-129,FALSE,9/7/2023,9/7/2023 11:35,9/7/2023 11:35
FSS0001749,Active,"Denali 20020, LLC",E140070,"N48 08' 55.32""","W119 42' 01.8""",48.15,-119.7,"3,625.00","4,200.00",178.6,34.7,52.5,390.5,15.5,406,-118,FALSE,9/7/2023,9/7/2023 11:35,9/7/2023 11:35
FSS0001751,Active,Denali 20020. LLC,E100078,"N48 08' 44.88""","W119 41' 34.8""",48.15,-119.69,"3,700.00","4,200.00",253.5,6.1,55.9,385,17,402,172,FALSE,9/7/2023,9/7/2023 11:33,9/7/2023 11:33
FSS0001753,Active,Denali 20020. LLC,E120128,"N48 08' 47.19""","W119 41' 35.83""",48.15,-119.69,"3,700.00","4,200.00",173.6,34.5,50.6,385,9.5,394.5,114.9,FALSE,9/7/2023,9/7/2023 11:33,9/7/2023 11:33
FSS0001755,Active,Denali 20020. LLC,E920585,"N48 08' 50.28""","W119 41' 32.99""",48.15,-119.69,"3,700.00","4,200.00",253.5,5.8,52.5,390.5,12.8,403.3,172,FALSE,9/7/2023,9/7/2023 11:31,9/7/2023 11:31
FSS0001757,Active,Denali 20020. LLC,E920585,"N48 08' 50.28""","W119 41' 31.92""",48.15,-119.69,"3,700.00","4,200.00",187.1,34.5,47.1,385,6.5,391.5,-125,FALSE,9/7/2023,9/7/2023 11:31,9/7/2023 11:31
FSS0001759,Active,Denali 20020. LLC,E920585,"N48 08' 47.76""","W119 41' 30.84""",48.15,-119.69,"3,700.00","4,200.00",158.1,32.4,47.1,385,6.5,391.5,-95,FALSE,9/7/2023,9/7/2023 11:31,9/7/2023 11:31
FSS0001761,Active,Denali 20020. LLC,E191158,"N48 08' 49.2""","W119 41' 34.8""",48.15,-119.69,"3,700.00","4,200.00",139.2,26.4,47.1,385,6.5,391.5,-87,FALSE,9/7/2023,9/7/2023 11:30,9/7/2023 11:30
FSS0001763,Active,Denali 20020. LLC,E191158,"N48 08' 49.2""","W119 41' 34.44""",48.15,-119.69,"3,700.00","4,200.00",171,34.3,44.2,385,5.5,390.5,-99,FALSE,9/7/2023,9/7/2023 11:30,9/7/2023 11:30
FSS0001765,Active,Denali 20020. LLC,E191159,"N41 12' 03.14""","W74 31' 37.84""",41.2,-74.53,"3,700.00","4,200.00",189.3,41.8,44.3,190,5.1,195.1,-81,FALSE,9/7/2023,9/7/2023 11:27,9/7/2023 11:27
FSS0001767,Active,Denali 20020. LLC,E191159,"N41 12' 03.99""","W74 31' 37.5""",41.2,-74.53,"3,700.00","4,200.00",214.2,36.2,44.1,190,5,195,-99,FALSE,9/7/2023,9/7/2023 11:27,9/7/2023 11:27
FSS0001769,Active,Denali 20020. LLC,E191159,"N41 12' 03.99""","W74 31' 37.49""",41.2,-74.53,"3,700.00","4,200.00",249.3,13.5,46,190,7.5,197.5,-135,FALSE,9/7/2023,9/7/2023 11:27,9/7/2023 11:27
FSS0001771,Active,Denali 20020. LLC,E191159,"N41 12' 03.63""","W74 31' 37.49""",41.2,-74.53,"3,700.00","4,200.00",247.7,15,46,190,7.5,197.5,-133,FALSE,9/7/2023,9/7/2023 11:27,9/7/2023 11:27
FSS0001773,Active,Denali 20020. LLC,E191159,"N41 12' 03.63""","W74 31' 37.49""",41.2,-74.53,"3,700.00","4,200.00",246.1,16.4,46,190,7.5,197.5,-131,FALSE,9/7/2023,9/7/2023 11:27,9/7/2023 11:27
FSS0001775,Active,Denali 20020. LLC,E191159,"N41 12' 03.63""","W74 31' 37.49""",41.2,-74.53,"3,700.00","4,200.00",242.9,19.2,46,190,7.5,197.5,-127,FALSE,9/7/2023,9/7/2023 11:27,9/7/2023 11:27
FSS0001777,Active,Denali 20020. LLC,E191159,"N41 12' 03.63""","W74 31' 37.49""",41.2,-74.53,"3,700.00","4,200.00",241.2,20.6,46,190,7.5,197.5,-125,FALSE,9/7/2023,9/7/2023 11:27,9/7/2023 11:27
FSS0001779,Active,Denali 20020. LLC,E191159,"N41 12' 03.63""","W74 31' 37.49""",41.2,-74.53,"3,700.00","4,200.00",239.4,22,46,190,7.5,197.5,-123,FALSE,9/7/2023,9/7/2023 11:27,9/7/2023 11:27
FSS0001781,Active,Denali 20020. LLC,E191159,"N41 12' 03.63""","W74 31' 37.49""",41.2,-74.53,"3,700.00","4,200.00",237.7,23.4,46,190,7.5,197.5,-121,FALSE,9/7/2023,9/7/2023 11:27,9/7/2023 11:27
FSS0001783,Active,Denali 20020. LLC,E191159,"N41 12' 03.63""","W74 31' 37.49""",41.2,-74.53,"3,700.00","4,200.00",216.7,35.3,46,190,7.5,197.5,-101,FALSE,9/7/2023,9/7/2023 11:27,9/7/2023 11:27
FSS0001785,Active,Denali 20020. LLC,E191159,"N41 12' 03.63""","W74 31' 37.49""",41.2,-74.53,"3,700.00","4,200.00",214.2,36.2,46,190,7.5,197.5,-99,FALSE,9/7/2023,9/7/2023 11:27,9/7/2023 11:27
FSS0001787,Active,Denali 20020. LLC,E191159,"N41 12' 03.63""","W74 31' 37.49""",41.2,-74.53,"3,700.00","4,200.00",203.7,39.4,46,190,7.5,197.5,-91,FALSE,9/7/2023,9/7/2023 11:27,9/7/2023 11:27
FSS0001789,Active,Denali 20020. LLC,E191159,"N41 12' 03.63""","W74 31' 37.49""",41.2,-74.53,"3,700.00","4,200.00",198.1,40.6,46,190,7.5,197.5,-87,FALSE,9/7/2023,9/7/2023 11:27,9/7/2023 11:27
FSS0001791,Active,Denali 20020. LLC,E191159,"N41 12' 03.63""","W74 31' 37.49""",41.2,-74.53,"3,700.00","4,200.00",209.2,37.9,46,190,7.5,197.5,-95,FALSE,9/7/2023,9/7/2023 11:27,9/7/2023 11:27
FSS0001793,Active,Denali 20020. LLC,E191159,"N41 12' 03.63""","W74 31' 37.49""",41.2,-74.53,"3,700.00","4,200.00",211.7,37.1,46,190,7.5,197.5,-97,FALSE,9/7/2023,9/7/2023 11:27,9/7/2023 11:27
FSS0001795,Active,Denali 20020. LLC,E191159,"N41 12' 03.63""","W74 31' 37.49""",41.2,-74.53,"3,700.00","4,200.00",219.1,34.3,46,190,7.5,197.5,-103,FALSE,9/7/2023,9/7/2023 11:27,9/7/2023 11:27
FSS0001797,Active,Denali 20020. LLC,E191159,"N41 12' 03.63""","W74 31' 37.49""",41.2,-74.53,"3,700.00","4,200.00",224,31.9,46,190,7.5,197.5,-107,FALSE,9/7/2023,9/7/2023 11:27,9/7/2023 11:27
FSS0001799,Active,Denali 20020. LLC,E191159,"N41 12' 03.63""","W74 31' 37.49""",41.2,-74.53,"3,700.00","4,200.00",230,28.5,46,190,7.5,197.5,-113,FALSE,9/7/2023,9/7/2023 11:27,9/7/2023 11:27
FSS0001801,Active,Denali 20020. LLC,E191159,"N41 12' 03.63""","W74 31' 37.49""",41.2,-74.53,"3,700.00","4,200.00",231.9,27.4,46,190,7.5,197.5,-115,FALSE,9/7/2023,9/7/2023 11:27,9/7/2023 11:27
FSS0001803,Active,Denali 20020. LLC,E191159,"N41 12' 03.63""","W74 31' 37.49""",41.2,-74.53,"3,700.00","4,200.00",192.3,41.5,46,190,7.5,197.5,-83,FALSE,9/7/2023,9/7/2023 11:27,9/7/2023 11:27
FSS0001805,Active,Denali 20020. LLC,E191159,"N41 12' 03.63""","W74 31' 37.49""",41.2,-74.53,"3,700.00","4,200.00",201,40.1,46,190,7.5,197.5,-89,FALSE,9/7/2023,9/7/2023 11:27,9/7/2023 11:27
FSS0001807,Active,"Denali 20020, LLC",E960222,"N48 08' 47.76""","W119 41' 30.84""",48.15,-119.69,"3,700.00","4,200.00",158.1,32.4,42,385,4,389,-103,FALSE,9/7/2023,9/7/2023 11:34,9/7/2023 11:34
FSS0001809,Active,"Denali 20020, LLC",E960222,"N48 08' 47.76""","W119 41' 30.12""",48.15,-119.69,"3,700.00","4,200.00",132.9,23.5,44.2,385,5.5,390.5,-81,FALSE,9/7/2023,9/7/2023 11:34,9/7/2023 11:34
FSS0001811,Active,"Denali 20020, LLC",E960222,"N48 08' 49.56""","W119 41' 30.84""",48.15,-119.69,"3,700.00","4,200.00",205.2,31.6,47.1,385,6.5,391.5,-139,FALSE,9/7/2023,9/7/2023 11:34,9/7/2023 11:34
FSS0001814,Active,Intelsat License LLC,E000363,"N34 24' 18""","W118 53' 39""",34.41,-118.89,"3,700.00","4,200.00",144.6,43.7,50.5,305,11.1,316.1,-97,TRUE,12/1/2023,12/1/2023 20:18,12/1/2023 20:18
FSS0001817,Active,New Wave Corporation,E040138,"N38 57' 36.25""","W92 22' 09.55""",38.96,-92.37,"3,700.00","4,200.00",134.8,33.9,41.7,228,4.5,232.5,-99,FALSE,11/18/2020,11/30/2023 11:46,11/30/2023 11:46
FSS0001820,Active,"MCI Communications Services, LLC",E000306,"N44 38' 01.4""","W70 41' 53.4""",44.63,-70.7,"3,625.00","4,200.00",104.6,5.6,57.4,268.2,23.8,292,-1,FALSE,10/31/2023,10/31/2023 9:18,10/31/2023 9:18
FSS0001823,Active,"MCI Communications Services, LLC",E990175,"N38 43' 45.04""","W78 39' 25.16""",38.73,-78.66,"3,625.00","4,200.00",193.2,44.3,50.6,295.5,12,307.5,-87,FALSE,10/31/2023,10/31/2023 9:21,10/31/2023 9:21
FSS0001825,Active,Intelsat License LLC,KA264,"N39 35' 56""","W77 45' 21""",39.6,-77.76,"3,700.00","4,200.00",206,40.8,50.1,167.6,9.8,177.4,-95,TRUE,12/1/2023,12/1/2023 21:12,12/1/2023 21:12
FSS0001828,Active,Intelsat License LLC,KA264,"N39 35' 56""","W77 45' 21""",39.6,-77.76,"3,700.00","4,200.00",150.6,39.8,50.1,167.6,9.8,177.4,-58,TRUE,12/1/2023,12/1/2023 21:13,12/1/2023 21:13
FSS0001838,Active,DISH Broadcasting Corporation,E980118,"N41 07' 56""","W104 44' 10.5""",41.13,-104.74,"3,698.30","3,699.70",162.5,41,50,"1,808.30",9,"1,817.30",93,TRUE,10/31/2023,10/31/2023 15:27,10/31/2023 15:27
FSS0001841,Active,DISH Broadcasting Corporation,E950253,"N41 07' 56""","W104 44' 10.5""",41.13,-104.74,"3,698.30","3,699.70",162.5,41,50,"1,808.30",9,"1,817.30",93,TRUE,10/31/2023,10/31/2023 15:27,10/31/2023 15:27
FSS0001859,Inactive,Intelsat License LLC,E040174,"N39 16' 34""","W104 48' 28""",39.28,-104.81,"3,700.00","3,705.00",220.2,35.9,50.2,"2,088.00",11,"2,099.00",-133,TRUE,11/10/2021,11/10/2021 16:40,11/10/2021 16:40
FSS0001861,Active,Intelsat License LLC,E040174,"N39 16' 34""","W104 48' 28""",39.28,-104.81,"3,700.00","3,705.00",235,41.5,50.2,"2,088.00",11,"2,099.00",33,TRUE,12/1/2023,12/1/2023 20:54,12/1/2023 20:54
FSS0001864,Active,Intelsat License LLC,KA71,"N34 24' 22""","W118 53' 37.4""",34.41,-118.89,"3,700.00","4,200.00",136.9,40.2,53.1,305.5,15,320.5,-91,TRUE,12/4/2023,12/4/2023 16:40,12/4/2023 16:40
FSS0001866,Active,Intelsat License LLC,E4132,"N34 24' 19.4""","W118 53' 39.7""",34.41,-118.89,"3,700.00","4,200.00",259.7,6,50.5,305,9.3,314.3,169,TRUE,12/4/2023,12/4/2023 16:24,12/4/2023 16:24
FSS0001868,Active,MX1 Inc,E170080,"N41 27' 49.8""","W75 07' 51.3""",41.46,-75.13,"3,700.00","4,200.00",175.4,41.9,50.4,275.1,13.5,288.6,-20,TRUE,10/31/2023,10/31/2023 9:36,10/31/2023 9:36
FSS0001871,Active,MX1 Inc,E010128,"N41 27' 51""","W75 07' 48""",41.46,-75.13,"3,700.00","4,200.00",155,39,49.9,270,11,281,-58,TRUE,10/31/2023,10/31/2023 9:23,10/31/2023 9:23
FSS0001875,Active,SES Americom Inc.,E202168,"N41 27' 51.8""","W75 07' 50.3""",41.46,-75.13,"3,700.00","4,200.00",133.8,30.6,50.2,273.8,10,283.8,-40.5,TRUE,10/31/2023,10/31/2023 9:30,10/31/2023 9:30
FSS0001877,Active,SES Americom Inc.,E202168,"N41 27' 51.8""","W75 07' 50.3""",41.46,-75.13,"3,700.00","4,200.00",130.7,28.8,50.2,273,10,283,-37.5,TRUE,10/31/2023,10/31/2023 9:30,10/31/2023 9:30
FSS0001879,Active,Intelsat License LLC,E010206,"N33 47' 44""","W117 05' 16""",33.8,-117.09,"3,625.00","3,700.00",207.1,47.1,53.5,548.6,14,562.6,-133,FALSE,12/1/2023,12/1/2023 20:34,12/1/2023 20:34
FSS0001881,Active,SES Americom Inc.,E202168,"N41 27' 51.8""","W75 07' 50.3""",41.46,-75.13,"3,700.00","4,200.00",141.7,34.4,53.8,274.5,15.1,289.6,-47.5,TRUE,10/31/2023,10/31/2023 9:30,10/31/2023 9:30
FSS0001883,Active,SES Americom Inc.,E202168,"N41 27' 51.8""","W75 07' 50.3""",41.46,-75.13,"3,700.00","4,200.00",116.4,18.5,53.8,275,15.1,290.1,-22,TRUE,10/31/2023,10/31/2023 9:30,10/31/2023 9:30
FSS0001885,Active,Intelsat License LLC,E4132,"N34 24' 19.4""","W118 53' 39.7""",34.41,-118.89,"3,700.00","4,200.00",252.7,15.1,50.5,305,9.3,314.3,180,TRUE,12/4/2023,12/4/2023 16:24,12/4/2023 16:24
FSS0001888,Active,SES Americom Inc.,E202169,"N41 27' 52.1""","W75 07' 47.5""",41.46,-75.13,"3,700.00","4,200.00",218.6,34.3,53.4,273,33.1,306.1,-103,TRUE,10/31/2023,10/31/2023 9:31,10/31/2023 9:31
FSS0001890,Active,SES Americom Inc,E202170,"N48 08' 49.2""","W119 41' 44.5""",48.15,-119.7,"3,700.00","4,200.00",155.5,31.8,53.4,381,17.6,398.6,-101,TRUE,10/31/2023,10/31/2023 9:45,10/31/2023 9:45
FSS0001897,Active,Bare Necessites LLC,E555001,"N45 11' 56.81""","W112 42' 46.32""",45.2,-112.71,"3,620.00","3,650.00",170,2,16,"1,633.10",4,"1,637.10",-112.71,TRUE,11/1/2022,11/1/2022 11:24,11/1/2022 11:24
FSS0001900,Active,Bare Necessites LLC,E555001,"N45 14' 20.99""","W112 40' 06.36""",45.24,-112.67,"3,605.00","3,635.00",40,2,16,"1,785.80",5,"1,790.80",-112.67,TRUE,11/1/2022,11/1/2022 11:33,11/1/2022 11:33
FSS0001902,Active,Bare Necessites LLC,E555001,"N45 14' 20.99""","W112 40' 06.36""",45.24,-112.67,"3,645.00","3,675.00",130,2,16,"1,785.80",5,"1,790.80",-112.67,TRUE,11/1/2022,11/1/2022 11:43,11/1/2022 11:43
FSS0001906,Active,Intelsat License LLC,E000363,"N34 24' 17""","W118 53' 39""",34.4,-118.89,"3,700.00","4,200.00",259.6,6.1,50.5,305,11.1,316.1,169,TRUE,12/1/2023,12/1/2023 20:18,12/1/2023 20:18
FSS0001908,Active,Intelsat License LLC,E000363,"N34 24' 17""","W118 53' 39""",34.4,-118.89,"3,700.00","4,200.00",252.6,15.2,50.5,305,11.1,316.1,180,TRUE,12/1/2023,12/1/2023 20:18,12/1/2023 20:18
FSS0001910,Active,Intelsat License LLC,E000363,"N34 24' 17""","W118 53' 39""",34.4,-118.89,"3,700.00","4,200.00",204,47.2,50.5,305,11.1,316.1,-133,TRUE,12/1/2023,12/1/2023 20:27,12/1/2023 20:27
FSS0001912,Active,Intelsat License LLC,E000363,"N34 24' 17""","W118 53' 39""",34.4,-118.89,"3,700.00","4,200.00",194.1,49.1,50.5,305,11.1,316.1,-127,TRUE,12/1/2023,12/1/2023 20:18,12/1/2023 20:18
FSS0001914,Active,Intelsat License LLC,E000363,"N34 24' 17""","W118 53' 39""",34.4,-118.89,"3,700.00","4,200.00",223.4,52,50.5,305,11.1,316.1,-125,TRUE,12/1/2023,12/1/2023 20:22,12/1/2023 20:22
FSS0001916,Active,Intelsat License LLC,E000363,"N34 24' 17""","W118 53' 39""",34.4,-118.89,"3,700.00","4,200.00",187.2,49.7,50.5,305,11.1,316.1,-123,TRUE,12/1/2023,12/1/2023 20:18,12/1/2023 20:18
FSS0001918,Active,Intelsat License LLC,E000363,"N34 24' 17""","W118 53' 39""",34.4,-118.89,"3,700.00","4,200.00",183.7,49.9,50.5,305,11.1,316.1,-121,TRUE,12/1/2023,12/1/2023 20:18,12/1/2023 20:18
FSS0001921,Active,Intelsat License LLC,E000363,"N34 24' 17""","W118 53' 39""",34.4,-118.89,"3,700.00","4,200.00",147.4,44.7,50.5,305,11.1,316.1,-99,TRUE,12/1/2023,12/1/2023 20:18,12/1/2023 20:18
FSS0001923,Active,Intelsat License LLC,E000363,"N34 24' 17""","W118 53' 39""",34.4,-118.89,"3,700.00","4,200.00",144.6,43.6,50.5,305,11.1,316.1,-97,TRUE,12/1/2023,12/1/2023 20:18,12/1/2023 20:18
FSS0001925,Active,Intelsat License LLC,E000363,"N34 24' 17""","W118 53' 39""",34.4,-118.89,"3,700.00","4,200.00",141.9,42.5,50.5,305,11.1,316.1,-95.05,TRUE,12/1/2023,12/1/2023 20:22,12/1/2023 20:22
FSS0001927,Active,Intelsat License LLC,E000363,"N34 24' 17""","W118 53' 39""",34.4,-118.89,"3,700.00","4,200.00",136.9,40.2,50.5,305,11.1,316.1,-91,TRUE,12/1/2023,12/1/2023 20:18,12/1/2023 20:18
FSS0001929,Active,Intelsat License LLC,E000363,"N34 24' 17""","W118 53' 39""",34.4,-118.89,"3,700.00","4,200.00",134.5,38.9,50.5,305,11.1,316.1,-89,TRUE,12/1/2023,12/1/2023 20:18,12/1/2023 20:18
FSS0001931,Active,Intelsat License LLC,E000363,"N34 24' 17""","W118 53' 39""",34.4,-118.89,"3,700.00","4,200.00",105.8,13.2,50.5,305,11.1,316.1,-55.5,TRUE,12/1/2023,12/1/2023 20:18,12/1/2023 20:18
FSS0001933,Active,Intelsat License LLC,E000363,"N34 24' 17""","W118 53' 39""",34.4,-118.89,"3,700.00","4,200.00",104.2,11.1,50.5,305,11.1,316.1,-53,TRUE,12/1/2023,12/1/2023 20:18,12/1/2023 20:18
FSS0001935,Active,Intelsat License LLC,E000363,"N34 24' 17""","W118 53' 39""",34.4,-118.89,"3,700.00","4,200.00",102.3,8.7,50.5,305,11.1,316.1,-50.1,TRUE,12/1/2023,12/1/2023 20:23,12/1/2023 20:23
FSS0001937,Active,Intelsat License LLC,E000363,"N34 24' 17""","W118 53' 39""",34.4,-118.89,"3,700.00","4,200.00",99.3,4.5,50.5,305,11.1,316.1,-45,TRUE,12/1/2023,12/1/2023 20:18,12/1/2023 20:18
FSS0001939,Active,Intelsat License LLC,E000363,"N34 24' 17""","W118 53' 39""",34.4,-118.89,"3,700.00","4,200.00",93.2,4.1,50.5,305,11.1,316.1,-34.5,TRUE,12/1/2023,12/1/2023 20:18,12/1/2023 20:18
FSS0001941,Active,Intelsat License LLC,E000363,"N34 24' 17""","W118 53' 39""",34.4,-118.89,"3,700.00","4,200.00",91.5,6.5,50.5,305,11.1,316.1,-31.5,TRUE,12/1/2023,12/1/2023 20:18,12/1/2023 20:18
FSS0001947,Active,Intelsat License LLC,E030306,"N33 39' 50""","W84 16' 22""",33.66,-84.27,"3,700.00","4,200.00",181.1,60.6,50.2,239.3,11,250.3,-95.05,TRUE,12/1/2023,12/1/2023 19:21,12/1/2023 19:21
FSS0001952,Active,Intelsat License LLC,KA270,"N21 40' 18""","W158 02' 05""",21.67,-158.03,"3,625.00","4,200.00",116.1,41.3,50.1,144.8,9.8,154.6,-121,TRUE,12/1/2023,12/1/2023 21:19,12/1/2023 21:19
FSS0001960,Active,GOONHILLY INC.,E980136,"N34 24' 06""","W119 04' 21.8""",34.4,-119.07,"3,600.00","4,200.00",176,50,55.5,17.7,229.2,246.9,-117,TRUE,11/27/2023,11/27/2023 17:05,11/27/2023 17:05
FSS0001962,Active,GOONHILLY INC.,KA31,"N34 24' 05""","W119 04' 26""",34.4,-119.07,"3,600.00","4,200.00",253.8,13.7,52.8,228.6,15.2,243.8,178.1,TRUE,11/27/2023,11/27/2023 17:14,11/27/2023 17:14
FSS0001964,Active,GOONHILLY INC.,E980137,"N34 24' 06""","W119 04' 21.8""",34.4,-119.07,"3,600.00","4,200.00",176,50,55.2,229.2,17.7,246.9,117,TRUE,11/27/2023,11/27/2023 19:14,11/27/2023 19:14
FSS0001966,Active,GOONHILLY INC.,E990027,"N34 24' 05""","W119 04' 26""",34.4,-119.07,"4,000.00","4,200.00",144.3,43.6,44.2,236.8,4.8,241.6,97,TRUE,11/27/2023,11/29/2023 13:21,11/29/2023 13:21
FSS0001968,Active,GOONHILLY INC.,KB34,"N34 24' 05""","W119 04' 29.4""",34.4,-119.07,"3,600.00","4,200.00",253.5,13.7,52.8,229.2,15.2,244.4,178.1,TRUE,11/27/2023,11/27/2023 19:50,11/27/2023 19:50
FSS0001970,Active,GOONHILLY INC.,KB34,"N34 24' 05""","W119 04' 29.4""",34.4,-119.07,"3,600.00","4,200.00",145.1,43.9,50.4,228.6,11,239.6,-97.6,TRUE,11/27/2023,11/27/2023 19:58,11/27/2023 19:58
FSS0001972,Active,GOONHILLY INC.,KA249,"N34 24' 06""","W119 04' 21.8""",34.4,-119.07,"4,000.00","4,200.00",250.5,17.7,53.2,228.6,13.7,242.3,-177,TRUE,11/27/2023,11/29/2023 13:23,11/29/2023 13:23
FSS0001974,Active,GOONHILLY INC.,E990032,"N41 27' 05.8""","W73 17' 20.6""",41.45,-73.29,"3,600.00","4,200.00",138.5,33,51.5,39.6,12.8,52.4,-43,TRUE,11/27/2023,11/27/2023 20:37,11/27/2023 20:37
FSS0001976,Active,GOONHILLY INC.,E990034,"N41 27' 07""","W73 17' 17.3""",41.45,-73.29,"3,600.00","4,200.00",138.5,33,54,36.6,16.8,53.4,-43,TRUE,11/27/2023,11/27/2023 20:46,11/27/2023 20:46
FSS0001979,Active,GOONHILLY INC.,KA312,"N41 27' 04.5""","W73 17' 00.2""",41.45,-73.28,"4,198.00","4,200.00",235.2,24.9,53.4,36.6,15.1,51.7,-116.8,TRUE,11/27/2023,11/29/2023 13:18,11/29/2023 13:18
FSS0001981,Active,GOONHILLY INC.,WA28,"N41 27' 04.1""","W73 17' 20.9""",41.45,-73.29,"3,600.00","4,200.00",151.5,39.4,52.8,35.7,14.6,50.3,-54,TRUE,11/27/2023,11/27/2023 21:07,11/27/2023 21:07
FSS0001983,Active,GOONHILLY INC.,WA28,"N42 27' 05""","W73 17' 21""",42.45,-73.29,"3,600.00","4,200.00",118,20,52.8,36.6,15.2,51.8,-22,TRUE,11/27/2023,11/27/2023 21:11,11/27/2023 21:11
FSS0001985,Active,GOONHILLY INC.,WA28,"N41 27' 04.5""","W73 17' 21.5""",41.45,-73.29,"3,600.00","4,200.00",216.5,38.4,50.4,35.7,11,46.7,-98.4,TRUE,11/27/2023,11/27/2023 21:16,11/27/2023 21:16
FSS0001993,Active,"Sprint Communications Co., LP",E6241,"N37 45' 40""","W121 47' 53""",37.76,-121.8,"3,625.00","4,200.00",242.4,22.9,55.8,236.2,14.7,250.9,171,FALSE,11/30/2023,11/30/2023 11:07,11/30/2023 11:07
FSS0001995,Active,"Sprint Communications Co., LP",KA232,"N37 45' 40""","W121 47' 53""",37.76,-121.8,"3,625.00","4,200.00",249.2,16.3,56,230.4,18.9,249.3,180,FALSE,11/30/2023,11/30/2023 11:04,11/30/2023 11:04
FSS0001997,Active,"Sprint Communications Co., LP",E6777,"N41 07' 04""","W74 34' 33""",41.12,-74.58,"3,625.00","4,200.00",128.1,27.6,55.8,207.3,13,220.3,18,FALSE,11/30/2023,11/30/2023 11:09,11/30/2023 11:09
FSS0001999,Active,"Sprint Communications Co., LP",E6777,"N41 07' 04""","W74 34' 33""",41.12,-74.58,"3,625.00","4,200.00",128.1,27.6,55.8,207.3,13,220.3,145,FALSE,11/30/2023,11/30/2023 11:09,11/30/2023 11:09
FSS0002004,Active,Intelsat License LLC,E030306,"N33 39' 50""","W84 16' 22""",33.66,-84.27,"3,700.00","4,200.00",227.9,50.7,50.2,239.3,11,250.3,-64.15,TRUE,12/1/2023,12/1/2023 19:49,12/1/2023 19:49
FSS0002007,Active,Intelsat License LLC,E030306,"N33 39' 50""","W84 16' 22""",33.66,-84.27,"3,700.00","4,200.00",240.7,28.6,50.2,239.3,11,250.3,-129,TRUE,12/1/2023,12/1/2023 19:52,12/1/2023 19:52
FSS0002009,Active,Intelsat License LLC,E030306,"N33 39' 50""","W84 16' 22""",33.66,-84.27,"3,700.00","4,200.00",240.7,28.6,50.2,239.3,11,250.3,-129,TRUE,12/1/2023,12/1/2023 19:53,12/1/2023 19:53
FSS0002011,Active,Intelsat License LLC,E030306,"N33 39' 50""","W84 16' 22""",33.66,-84.27,"3,700.00","4,200.00",225.6,51.7,50.2,239.3,11,250.3,66.13,TRUE,12/1/2023,12/1/2023 19:55,12/1/2023 19:55
FSS0002013,Active,Intelsat License LLC,E030306,"N33 39' 50""","W84 16' 22""",33.66,-84.27,"3,700.00","4,200.00",237.2,31.7,50.2,239.3,11,250.3,-125,TRUE,12/1/2023,12/1/2023 19:56,12/1/2023 19:56
FSS0002015,Active,Intelsat License LLC,E030306,"N33 39' 50""","W84 16' 22""",33.66,-84.27,"3,700.00","4,200.00",233.4,34.7,50.2,239.3,11,250.3,-121,TRUE,12/1/2023,12/1/2023 19:57,12/1/2023 19:57
FSS0002020,Active,Intelsat License LLC,E000296,"N39 35' 54""","W77 45' 35""",39.6,-77.76,"3,625.00","4,200.00",230.8,43.6,50.1,173.7,10.3,184,64.15,TRUE,12/3/2023,12/3/2023 17:13,12/3/2023 17:13
FSS0002022,Active,Intelsat License LLC,E000296,"N39 35' 54""","W77 45' 35""",39.6,-77.76,"3,625.00","4,200.00",242.9,20.7,50.1,173.7,10.3,184,-129,TRUE,12/3/2023,12/3/2023 17:12,12/3/2023 17:12
FSS0002024,Active,Intelsat License LLC,E000296,"N39 35' 54""","W77 45' 35""",39.6,-77.76,"3,625.00","4,200.00",241.2,22.1,50.1,173.7,10.3,184,-127,TRUE,12/3/2023,12/3/2023 17:12,12/3/2023 17:12
FSS0002027,Active,Intelsat License LLC,E000296,"N39 35' 54""","W77 45' 35""",39.6,-77.76,"3,625.00","4,200.00",228.8,44.7,50.1,173.7,10.3,184,66.13,TRUE,12/3/2023,12/3/2023 17:15,12/3/2023 17:15
FSS0002029,Active,Intelsat License LLC,E000296,"N39 35' 54""","W39 35' 54""",39.6,-39.6,"3,625.00","4,200.00",239.5,23.6,50.1,173.7,10.3,184,-125,TRUE,12/3/2023,12/3/2023 17:17,12/3/2023 17:17
FSS0002031,Active,Intelsat License LLC,E000296,"N39 35' 54""","W77 45' 35""",39.6,-77.76,"3,625.00","4,200.00",200.3,42.1,50.1,173.7,10.3,184,-91,TRUE,12/3/2023,12/3/2023 17:18,12/3/2023 17:18
FSS0002033,Active,Intelsat License LLC,E000296,"N39 35' 54""","W77 45' 35""",39.6,-77.76,"3,625.00","4,200.00",246.1,17.8,50.1,173.7,10.3,184,-133,TRUE,12/4/2023,12/4/2023 15:30,12/4/2023 15:30
FSS0002035,Active,Intelsat License LLC,E000296,"N39 35' 54""","W77 45' 35""",39.6,-77.76,"3,625.00","4,200.00",206,40.8,50.1,173.7,10.3,184,-95.05,TRUE,12/4/2023,12/4/2023 15:33,12/4/2023 15:33
FSS0002037,Active,Intelsat License LLC,E000296,"N39 35' 54""","W77 45' 35""",39.6,-77.76,"3,625.00","4,200.00",197.3,42.7,50.1,173.7,10.3,184,-89,TRUE,12/4/2023,12/4/2023 15:34,12/4/2023 15:34
FSS0002039,Active,Intelsat License LLC,E000296,"N39 35' 54""","W77 45' 35""",39.6,-77.76,"3,625.00","4,200.00",241.2,22.1,50.1,173.7,10.3,184,-127,TRUE,12/4/2023,12/4/2023 15:36,12/4/2023 15:36
FSS0002041,Active,Intelsat License LLC,E000296,"N39 35' 54""","W77 45' 35""",39.6,-77.76,"3,625.00","4,200.00",105.3,25.5,50.1,173.7,10.3,184,169,TRUE,12/4/2023,12/4/2023 15:37,12/4/2023 15:37
FSS0002043,Active,Intelsat License LLC,E000296,"N39 35' 54""","W77 45' 35""",39.6,-77.76,"3,625.00","4,200.00",98.5,1.5,50.1,173.7,10.3,184,-1,TRUE,12/4/2023,12/4/2023 15:38,12/4/2023 15:38
FSS0002045,Active,Intelsat License LLC,E000296,"N39 35' 54""","W77 45' 35""",39.6,-77.76,"3,625.00","4,200.00",132.6,31.9,50.1,173.7,10.3,184,-43,TRUE,12/4/2023,12/4/2023 15:39,12/4/2023 15:39
FSS0002047,Active,Intelsat License LLC,E000296,"N39 35' 54""","W77 45' 35""",39.6,-77.76,"3,625.00","4,200.00",134.7,33.1,50.1,173.7,10.3,184,-45,TRUE,12/4/2023,12/4/2023 15:42,12/4/2023 15:42
FSS0002049,Active,Intelsat License LLC,E000296,"N39 35' 54""","W77 45' 35""",39.6,-77.76,"3,625.00","4,200.00",228.9,44.6,50.1,173.7,10.3,184,66,TRUE,12/4/2023,12/4/2023 15:43,12/4/2023 15:43
FSS0002051,Active,Intelsat License LLC,E000296,"N39 35' 54""","W77 45' 35""",39.6,-77.76,"3,625.00","4,200.00",97.8,17.6,50.1,173.7,10.3,184,180,TRUE,12/4/2023,12/4/2023 15:45,12/4/2023 15:45
FSS0002053,Active,Intelsat License LLC,E000296,"N39 35' 54""","W77 45' 35""",39.6,-77.76,"3,625.00","4,200.00",150.6,39.8,50.1,173.7,10.3,184,-58,TRUE,12/4/2023,12/4/2023 15:46,12/4/2023 15:46
FSS0002055,Active,Intelsat License LLC,E000296,"N39 35' 54""","W77 45' 35""",39.6,-77.76,"3,625.00","4,200.00",222.2,47.6,50.1,173.7,10.3,184,72.1,TRUE,12/4/2023,12/4/2023 15:47,12/4/2023 15:47
FSS0002057,Active,Intelsat License LLC,E000296,"N39 45' 35""","W77 45' 35""",39.76,-77.76,"3,625.00","4,200.00",144.1,37.5,50.1,173.7,10.3,184,-53,TRUE,12/4/2023,12/4/2023 15:48,12/4/2023 15:48
FSS0002059,Active,Intelsat License LLC,E000296,"N39 35' 54""","W77 45' 35""",39.6,-77.76,"3,625.00","4,200.00",121.4,24.2,50.1,173.7,10.3,184,-31.5,TRUE,12/4/2023,12/4/2023 15:49,12/4/2023 15:49
FSS0002061,Active,Intelsat License LLC,E000296,"N39 35' 54""","W77 45' 35""",39.6,-77.76,"3,625.00","4,200.00",124.1,26.4,50.1,173.7,10.3,184,-95.05,TRUE,12/4/2023,12/4/2023 15:51,12/4/2023 15:51
FSS0002063,Active,Intelsat License LLC,E000296,"N39 35' 54""","W77 45' 35""",39.6,-77.76,"3,625.00","4,200.00",234.8,41.3,50.1,173.7,10.3,184,60,TRUE,12/4/2023,12/4/2023 15:52,12/4/2023 15:52
FSS0002065,Active,Intelsat License LLC,E000296,"N39 35' 54""","W77 45' 35""",39.6,-77.76,"3,625.00","4,200.00",147.3,38.7,50.1,173.7,10.3,184,-55.5,TRUE,12/4/2023,12/4/2023 15:54,12/4/2023 15:54
FSS0002067,Active,Intelsat License LLC,E000296,"N39 35' 54""","W77 45' 35""",39.6,-77.76,"3,625.00","4,200.00",124.1,26.3,50.1,173.7,10.3,184,-34.5,TRUE,12/4/2023,12/4/2023 15:55,12/4/2023 15:55
FSS0002069,Active,Intelsat License LLC,E000296,"N39 35' 54""","W77 45' 35""",39.6,-77.76,"3,625.00","4,200.00",226.2,45.9,50.1,173.7,10.3,184,68.5,TRUE,12/4/2023,12/4/2023 15:56,12/4/2023 15:56
FSS0002071,Active,Intelsat License LLC,E000296,"N39 35' 54""","W77 45' 35""",39.6,-77.76,"3,625.00","4,200.00",110.4,14.4,50.1,173.7,10.3,184,-18,TRUE,12/4/2023,12/4/2023 15:57,12/4/2023 15:57
FSS0002073,Active,Intelsat License LLC,E000296,"N39 35' 54""","W77 45' 35""",39.6,-77.76,"3,625.00","4,200.00",249.2,14.8,50.1,173.7,10.3,184,-137,TRUE,12/4/2023,12/4/2023 15:59,12/4/2023 15:59
FSS0002075,Active,Intelsat License LLC,E000296,"N39 35' 54""","W77 45' 35""",39.6,-77.76,"3,625.00","4,200.00",140.5,35.9,50.1,173.7,10.3,184,-50,TRUE,12/4/2023,12/4/2023 16:00,12/4/2023 16:00
FSS0002079,Active,Intelsat License LLC,E202210,"N48 08' 46""","W119 41' 45""",48.15,-119.7,"3,625.00","4,200.00",109.8,8.3,53,383.9,5.5,389.4,-55.5,TRUE,12/7/2023,12/7/2023 10:54,12/7/2023 10:54
FSS0002081,Active,Intelsat License LLC,E202210,"N48 08' 46""","W119 41' 45""",48.15,-119.7,"3,625.00","4,200.00",107.8,6.6,53.6,383.9,5.5,389.4,-53,TRUE,12/7/2023,12/7/2023 10:56,12/7/2023 10:56
FSS0002083,Active,Intelsat License LLC,E202210,"N48 08' 46""","W119 41' 45""",48.15,-119.7,"3,625.00","4,200.00",111.9,9.9,48.1,383.9,4.8,388.7,-58,FALSE,12/7/2023,12/7/2023 10:58,12/7/2023 10:58
FSS0002085,Inactive,Intelsat License LLC,E210007,"N21 40' 14""","W158 02' 03""",21.67,-158.03,"3,700.00","4,200.00",264.3,22,53.4,142.7,15.2,157.9,-53,TRUE,12/7/2023,12/7/2023 11:23,12/7/2023 11:23
